;Unnamed: 0.4;Unnamed: 0.3;Unnamed: 0.2;Unnamed: 0.1;Unnamed: 0;configuration;I1 [A];I2 [A];I3 [A];I4 [A];I5 [A];IA [A];IB [A];iota (0);mirror ratio at r=0;Description;OP1 Reference;iota
0;0;0;0;0;0;AAM000+2520;11664;12166;12166;13157;13157;8748;8748;0.7347;-0.0046;Low-mirror, low-iota configuration to test kinetic...;;low
1;1;1;1;1;1;AHM000+2544;12732;13276;13276;14365;14365;1000;1000;0.8338;-0.0006;Paradigmatic configuration 'low mirror';;standard
2;2;2;2;2;2;AIM000+1750;8842;9220;9220;9976;9976;0;0;0.8476;0.0;Official 'low mirror' (AIM000) scaled to B_0=1.75T;;standard
3;3;3;3;3;3;AIM000+2520;12732;13276;13276;14365;14365;0;0;0.8476;-0.0001;Paradigmatic configuration 'low mirror';;standard
4;4;4;4;4;4;AIM000-2520;-12732;-13276;-13276;-14365;-14365;0;0;0.8476;-0.0001;Reversed field paradigmatic configuration 'low mir...;;standard
5;5;5;5;5;5;AJM000+2496;12732;13276;13276;14365;14365;-1000;-1000;0.862;0.0006;Paradigmatic configuration 'low mirror';;standard
6;6;6;6;6;6;CYM000+1730;9951;10322;10322;9951;11466;-9785;-9785;1.0816;0.017;CYM000+1730 (scaled from CYM000+1800) for low fiel...;;high
7;7;7;7;7;7;CYM000+1740;10008;10382;10382;10008;11533;-9842;-9842;1.0816;0.017;CYM000+1740 (scaled from CYM000+1800) for low fiel...;;high
8;8;8;8;8;8;CYM000+1750;10066;10442;10442;10066;11599;-9898;-9898;1.0816;0.017;CYM000+1750 (scaled from CYM000+1800) for low fiel...;;high
9;9;9;9;9;9;CYM000+1760;10123;10501;10501;10123;11665;-9955;-9955;1.0816;0.017;CYM000+1760 (scaled from CYM000+1800) for low fiel...;;high
10;10;10;10;10;10;CYM000+1770;10181;10561;10561;10181;11731;-10011;-10011;1.0816;0.0171;NRD-configuration at high-iota, replacement for JY...;;high
11;11;11;11;11;11;CYM000+1780;10238;10621;10621;10238;11798;-10068;-10068;1.0816;0.017;NRD-configuration at high-iota, replacement for JY...;;high
12;12;12;12;12;12;CYM000+1790;10296;10680;10680;10296;11864;-10125;-10125;1.0816;0.017;NRD-configuration at high-iota, replacement for JY...;;high
13;13;13;13;13;13;CYM000+1800;10353;10740;10740;10353;11930;-10181;-10181;1.0816;0.017;NRD-configuration at high-iota, replacement for JY...;;high
14;14;14;14;14;14;CYM000+1810;10411;10800;10800;10411;11997;-10238;-10238;1.0816;0.017;NRD-configuration at high-iota, replacement for JY...;;high
15;15;15;15;15;15;DAM000+2520;11798;11798;11798;11798;11798;9400;9400;0.7333;0.0344;"Transferred from OP 1.2; GM6.04_v23_f001_DAM+252.x...";DAMXXX +252;low
16;16;16;16;16;16;DAM001+2545;11863;11863;11863;11863;11863;9895;9895;0.7286;0.034;Paradigmatic configuration 'low iota';;low
17;17;17;17;17;17;DAM005+1800;8451;8451;8451;8451;8451;6534;6534;0.7363;0.0346;Reduced iota variant of low-iota configuration at ...;;low
18;18;18;18;18;18;DBM000+1700;8003;8003;8003;8003;8003;6001;6001;0.7392;0.0348;Low-Iota configuration at 1.7T;;low
19;19;19;19;19;19;DBM000+1800;8472;8472;8472;8472;8472;6354;6354;0.7392;0.0348;Paradigmatic configuration 'low iota' for X3-ECR h...;;low
20;20;20;20;20;20;DBM000+2520;11863;11863;11863;11863;11863;8895;8895;0.7392;0.0348;Paradigmatic configuration 'low iota';;low
21;21;21;21;21;21;DBM000+2592;12200;12200;12200;12200;12200;9150;9150;0.7392;0.0348;"Transferred from OP 1.2; GM6.04_v23_f001_LJ.xls";DBM +259;low
22;22;22;22;22;22;DBM000+2620;12334;12334;12334;12334;12334;9248;9248;0.7392;0.0348;Paradigmatic configuration 'low iota' with field s...;;low
23;23;23;23;23;23;DBM000-2520;-11863;-11863;-11863;-11863;-11863;-8895;-8895;0.7392;0.0348;Reversed field paradigmatic configuration 'low iot...;;high
24;24;24;24;24;24;DBM000-2620;-12334;-12334;-12334;-12334;-12334;-9248;-9248;0.7392;0.0348;Reversed field paradigmatic configuration 'low iot...;;high
25;25;25;25;25;25;DIR001+2520;12593;12719;12845;14582;14469;2884;-7266;0.8562;0.0303;Inward-shifted configuration for proposal ksena_00...;;standard
26;26;26;26;26;26;DKJ000+2520;13419;13419;13164;12949;12949;-3663;3100;0.873;0.0304;Outward-shifted configuration for proposal ksena_0...;;standard
27;27;27;27;27;27;EBM000+2520;11895;11895;11895;11895;11895;8647;8647;0.7422;0.035;"Transferred from OP 1.2; GM6.04_v23_f001_DBM001+25...";EBM005 +252;low
28;28;28;28;28;28;EBM001+2520;11927;11927;11927;11927;11927;8397;8397;0.7452;0.0352;"Transferred from OP 1.2; GM6.04_v23_f001_EBM006+25...";EBM006 +252;low
29;29;29;29;29;29;EBM002+2520;11959;11959;11959;11959;11959;8147;8147;0.7482;0.0355;"Transferred from OP 1.2; GM6.04_v23_f001_EBM003+25...";EBM007 +252;low
30;30;30;30;30;30;EBM003+2520;11990;11990;11990;11990;11990;7897;7897;0.7512;0.0357;"Transferred from OP 1.2; GM6.04_v23_f001_EBM008+25...";EBM008 +252;low
31;31;31;31;31;31;EBM005+2495;11863;11863;11863;11863;11863;7895;7895;0.7503;0.0356;Paradigmatic configuration 'low iota';;low
32;32;32;32;32;32;ECM000+2520;12054;12054;12054;12054;12054;7397;7397;0.7573;0.0362;"Transferred from OP 1.2; GM6.04_v23_f001_ECM005+25...";ECM005 +252;low
33;33;33;33;33;33;ECM001+2520;12086;12086;12086;12086;12086;7147;7147;0.7604;0.0364;"Transferred from OP 1.2; GM6.04_v23_f001_ECM006+25...";ECM006 +252;low
34;34;34;34;34;34;ECM002+2520;12118;12118;12118;12118;12118;6897;6897;0.7635;0.0366;"Transferred from OP 1.2; GM6.04_v23_f001_ECM007+25...";ECM007 +252;low
35;35;35;35;35;35;ECM003+2520;12022;12022;12022;12022;12022;7647;7647;0.7543;0.0359;"Released configuration from the OP1.2b ""Low Iota -...";ECM+252;low
36;36;36;36;36;36;EDM000+2520;12292;12292;12292;12292;12292;5520;5520;0.7809;0.0379;Scan: Standard-Low iota (Session 30, OP2);;low
37;37;37;37;37;37;EDM001+2520;12205;12205;12205;12205;12205;6208;6208;0.7722;0.0373;Scan: Standard-Low iota (Session 30, OP2);;low
38;38;38;38;38;38;EEM000+2601;12780;12780;12780;12780;12780;4980;4980;0.79;0.0386;"Transferred from OP 1.2; assessed and accepted, GM...";EEM+260;low
39;39;39;39;39;39;EEM001+2520;12379;12379;12379;12379;12379;4835;4835;0.7898;0.0386;"Released configuration from the OP1.2b ""Low Iota -...";EEM001+252;low
40;40;40;40;40;40;EEM001+2606;12800;12800;12800;12800;12800;5000;5000;0.7898;0.0386;"Transferred from OP 1.2; GM6.04_v23_f001_J-12.8kA....";EEMXXX +261;low
41;41;41;41;41;41;EEM003+2520;12442;12442;12442;12442;12442;4335;4335;0.7964;0.039;"Released configuration from the OP1.2b ""Low Iota -...";EEM003+252;low
42;42;42;42;42;42;EES000+2520;12022;11897;12148;13399;13524;8219;-3005;0.7892;0.0413;"Transferred from OP 1.2; accepted, GM6.04 result n...";EES+252;standard
43;43;43;43;43;43;EFM001+2520;12505;12505;12505;12505;12505;3835;3835;0.803;0.0395;"Released configuration from the OP1.2b ""Low Iota -...";EFM001+252;low
44;44;44;44;44;44;EFM002+2520;12579;12579;12579;12579;12579;3240;3240;0.811;0.0401;Scan: Standard-Low iota (Session 30, OP2);;low
45;45;45;45;45;45;EFS000+2520;12129;12002;12255;13519;13645;7391;-3980;0.8009;0.0423;"Transferred from OP 1.2; accepted, GM6.04 result n...";EFS+252;standard
46;46;46;46;46;46;EGM000+2520;12654;12654;12654;12654;12654;2647;2647;0.8191;0.0407;"Released configuration from the OP1.2b ""Low Iota -...";EGM+252;low
47;47;47;47;47;47;EGS000+2520;12243;12116;12371;13646;13774;6504;-4973;0.8134;0.0431;"Transferred from OP 1.2; accepted, GM6.04 result n...";EGS+252;standard
48;48;48;48;48;48;EGS001+2520;12359;12230;12487;13775;13904;5600;-5987;0.8265;0.0441;"Transferred from OP 1.2; accepted, GM6.04 result n...";EGS001+252;standard
49;49;49;49;49;49;EHM001+2520;12860;12860;12860;12860;12860;1000;1000;0.842;0.0424;Standard configuration with iota correction (1000A...;;standard
50;50;50;50;50;50;EHM002+2520;12797;12797;12797;12797;12797;1500;1500;0.835;0.0418;Standard Configuration with iota correction (1500A...;;standard
51;51;51;51;51;51;EHM003+2520;12748;12748;12748;12748;12748;1897;1897;0.8294;0.0414;"Released configuration from the OP1.2b ""Low Iota -...";EHM+252;standard
52;52;52;52;52;52;EHM004+2544;12985;12985;12985;12985;12985;1000;1000;0.8421;0.0424;Paradigmatic configuration 'standard';;standard
53;53;53;53;53;53;EHM004-2544;-12985;-12985;-12985;-12985;-12985;-1000;-1000;0.8421;0.0424;Reversed field paradigmatic configuration 'standar...;;standard
54;54;54;54;54;54;EHM005+1724;8759;8759;8759;8759;8759;1000;1000;0.8355;0.0419;Standard configuration at 1.7 T + 1 kA in planar c...;;standard
55;55;55;55;55;55;EHM006+2556;12985;12985;12985;12985;12985;1500;1500;0.8353;0.0419;Configuration prepared for 2 GJ attached plasma wi...;;standard
56;56;56;56;56;56;EIM000+1700;8759;8759;8759;8759;8759;0;0;0.8563;0.0434;Standard configuration at 1.7 T;;standard
57;57;57;57;57;57;EIM000+1750;9017;9017;9017;9017;9017;0;0;0.8563;0.0434;Paradigmatic configuration 'standard' for X3-ECR h...;;standard
58;58;58;58;58;58;EIM000+1785;9198;9198;9198;9198;9198;0;0;0.8563;0.0434;Paradigmatic configuration 'standard' for X3-ECR h...;;standard
59;59;59;59;59;59;EIM000+1790;9223;9223;9223;9223;9223;0;0;0.8563;0.0434;Paradigmatic configuration 'standard' for X3-ECR h...;;standard
60;60;60;60;60;60;EIM000+1795;9249;9249;9249;9249;9249;0;0;0.8563;0.0434;Paradigmatic configuration 'standard' for X3-ECR h...;;standard
61;61;61;61;61;61;EIM000+1800;9275;9275;9275;9275;9275;0;0;0.8563;0.0434;Paradigmatic configuration 'standard' for X3-ECR h...;;standard
62;62;62;62;62;62;EIM000+1805;9301;9301;9301;9301;9301;0;0;0.8563;0.0434;Paradigmatic configuration 'standard' for X3-ECR h...;;standard
63;63;63;63;63;63;EIM000+1810;9327;9327;9327;9327;9327;0;0;0.8563;0.0434;Paradigmatic configuration 'standard' for X3-ECR h...;;standard
64;64;64;64;64;64;EIM000+1815;9352;9352;9352;9352;9352;0;0;0.8563;0.0434;Paradigmatic configuration 'standard' for X3-ECR h...;;standard
65;65;65;65;65;65;EIM000+2420;12470;12470;12470;12470;12470;0;0;0.8563;0.0434;Lower field 'standard';;standard
66;66;66;66;66;66;EIM000+2450;12624;12624;12624;12624;12624;0;0;0.8563;0.0434;Lower field 'standard';;standard
67;67;67;67;67;67;EIM000+2520;12985;12985;12985;12985;12985;0;0;0.8563;0.0434;Paradigmatic configuration 'standard';;standard
68;68;68;68;68;68;EIM000+2521;12989;12989;12989;12989;12989;0;0;0.8563;0.0434;"Transferred from OP 1.2; accepted, pp from ST13";EIM+252;standard
69;69;69;69;69;69;EIM000+2570;13243;13243;13243;13243;13243;0;0;0.8563;0.0434;Paradigmatic configuration 'standard' for O2-ECR h...;;standard
70;70;70;70;70;70;EIM000+2614;13470;13470;13470;13470;13470;0;0;0.8563;0.0434;"Transferred from OP 1.2; assessed and accepted, GM...";EIM+261;standard
71;71;71;71;71;71;EIM000+2670;13758;13758;13758;13758;13758;0;0;0.8563;0.0434;Paradigmatic configuration 'standard' for O2-ECR h...;;standard
72;72;72;72;72;72;EIM000+2720;14016;14016;14016;14016;14016;0;0;0.8563;0.0434;Paradigmatic configuration 'standard' for O2-ECR h...;;standard
73;73;73;73;73;73;EIM000+2770;14273;14273;14273;14273;14273;0;0;0.8563;0.0434;Paradigmatic configuration 'standard' for O2-ECR h...;;standard
74;74;74;74;74;74;EIM000-1790;-9223;-9223;-9223;-9223;-9223;0;0;0.8563;0.0434;Paradigmatic configuration 'standard' for X3-ECR h...;;standard
75;75;75;75;75;75;EIM000-1800;-9275;-9275;-9275;-9275;-9275;0;0;0.8563;0.0434;Paradigmatic configuration 'standard' for X3-ECR h...;;standard
76;76;76;76;76;76;EIM000-1815;-9352;-9352;-9352;-9352;-9352;0;0;0.8563;0.0434;reversed field version of EIM000+1815;;standard
77;77;77;77;77;77;EIM000-2450;-12624;-12624;-12624;-12624;-12624;0;0;0.8563;0.0434;Lower field 'standard';;standard
78;78;78;78;78;78;EIM000-2520;-12985;-12985;-12985;-12985;-12985;0;0;0.8563;0.0434;Reversed field paradigmatic configuration 'standar...;;standard
79;79;79;79;79;79;EIM000-2570;-13243;-13243;-13243;-13243;-13243;0;0;0.8563;0.0434;Paradigmatic configuration 'standard' for O2-ECR h...;;standard
80;80;80;80;80;80;EIM000-2614;-13470;-13470;-13470;-13470;-13470;0;0;0.8563;0.0434;"Transferred from OP 1.2; assessed and accepted, GM...";;standard
81;81;81;81;81;81;EIM000-2620;-13500;-13500;-13500;-13500;-13500;0;0;0.8563;0.0434;Reversed field paradigmatic configuration 'standar...;;standard
82;82;82;82;82;82;EIM002+2520;12891;12891;12891;12891;12891;750;750;0.8456;0.0426;Standard Configuration with lowered iota (750);;standard
83;83;83;83;83;83;EIM003+2520;12953;12953;12953;12953;12953;250;250;0.8527;0.0431;Standard Configuration with lowered iota (250A);;standard
84;84;84;84;84;84;EIM004+2520;12922;12922;12922;12922;12922;500;500;0.8491;0.0429;Standard Configuration with lowered iota (500A);;standard
85;85;85;85;85;85;EIM007+2520;12872;12872;12872;12872;12872;900;900;0.8434;0.0425;Standard configuration with iota adaption to lower...;;standard
86;86;86;86;86;86;EJM000+2519;13068;13068;13068;13068;13068;-700;-700;0.8666;0.0441;"Transferred from OP 1.2; accepted, perturbation fr...";EJM+252;standard
87;87;87;87;87;87;EJM001+2520;13046;13046;13046;13046;13046;-500;-500;0.8636;0.0439;"Transferred from OP 1.2; accepted, perturbation fr...";EJM001+252;standard
88;88;88;88;88;88;EJM001+2570;13305;13305;13305;13305;13305;-510;-510;0.8636;0.0439;Like EJM001+2520, with field on axis scaled up to ...;;standard
89;89;89;89;89;89;EJM001+2620;13564;13564;13564;13564;13564;-520;-520;0.8636;0.0439;Like EJM001+2520, with field on axis scaled up to ...;;standard
90;90;90;90;90;90;EJM001+2670;13823;13823;13823;13823;13823;-530;-530;0.8636;0.0439;Like EJM001+2520, with field on axis scaled up to ...;;standard
91;91;91;91;91;91;EJM001-2520;-13046;-13046;-13046;-13046;-13046;500;500;0.8636;0.0439;Reversed counterpart to EJM001+2520;;standard
92;92;92;92;92;92;EJM002+2520;13057;13057;13057;13057;13057;-600;-600;0.8651;0.044;"Transferred from OP 1.2; accepted, perturbation fr...";EJM002+252;standard
93;93;93;93;93;93;EJM003+0100;518;518;518;518;518;-20;-20;0.8637;0.0439;Standard @0.1T, original: EJM001+2520;;standard
94;94;94;94;94;94;EJM003+1700;8802;8802;8802;8802;8802;-340;-340;0.8637;0.0439;Standard @1.7T, original: EJM001+2520;;standard
95;95;95;95;95;95;EJM003+2300;11908;11908;11908;11908;11908;-460;-460;0.8637;0.0439;Standard @2.3T, original: EJM001+2520;;standard
96;96;96;96;96;96;EJM004+2519;13080;13080;13080;13080;13080;-800;-800;0.868;0.0442;"Transferred from OP 1.2; accepted, perturbation fr...";EJM004+252;standard
97;97;97;97;97;97;EJM005+2519;13091;13091;13091;13091;13091;-900;-900;0.8695;0.0443;"Transferred from OP 1.2; accepted, perturbation fr...";EJM005+252;standard
98;98;98;98;98;98;EJM006+2519;13103;13103;13103;13103;13103;-1000;-1000;0.871;0.0444;"Transferred from OP 1.2; accepted, additional run ...";EJM006+252;standard
99;99;99;99;99;99;EJM006-2520;-13109;-13109;-13109;-13109;-13109;1000;1000;0.871;0.0444;Standard Configuration Reversed Field 1000A Correc...;;standard
100;100;100;100;100;100;EJM007+2520;13017;13017;13017;13017;13017;-250;-250;0.86;0.0436;"Transferred from OP 1.2; accepted, perturbation fr...";EJM007+252;standard
101;101;101;101;101;101;EJM007-2520;-13016;-13016;-13016;-13016;-13016;250;250;0.86;0.0436;Standard Configuration (reversed field), 250A corr...;;standard
102;102;102;102;102;102;EJM008+2520;13114;13114;13114;13114;13114;-1040;-1040;0.8716;0.0445;Released configuration from the iota scan 27.09.20...;EJM+252;standard
103;103;103;103;103;103;EJM008-2520;-13114;-13114;-13114;-13114;-13114;1040;1040;0.8716;0.0445;Released configuration from the iota scan 27.09.20...;;standard
104;104;104;104;104;104;EJM009+2520;13083;13083;13083;13083;13083;-790;-790;0.8679;0.0442;Released configuration from the iota scan 27.09.20...;EJM001+252;standard
105;105;105;105;105;105;EJM012-2520;-13078;-13078;-13078;-13078;-13078;750;750;0.8673;0.0442;Standard Configuration Reversed Field 750A correct...;;standard
106;106;106;106;106;106;EJM013+2496;12985;12985;12985;12985;12985;-1000;-1000;0.8711;0.0444;Paradigmatic configuration 'standard';;standard
107;107;107;107;107;107;EJM013+2620;13630;13630;13630;13630;13630;-1050;-1050;0.8711;0.0444;O2 heating for EIM plus --1000A IA,B;;standard
108;108;108;108;108;108;EJM013-2496;-12985;-12985;-12985;-12985;-12985;1000;1000;0.8711;0.0444;Reversed field paradigmatic configuration 'standar...;;standard
109;109;109;109;109;109;EJM014+2696;14016;14016;14016;14016;14016;-1000;-1000;0.87;0.0444;Paradigmatic configuration 'standard' for O2-ECR h...;;standard
110;110;110;110;110;110;EJM015+2620;13572;13572;13572;13572;13572;-584;-584;0.8645;0.044;For O2 heating for ygao_006 in OP2.2.;;standard
111;111;111;111;111;111;EKM000+2520;13140;13140;13140;13140;13140;-1250;-1250;0.8747;0.0447;"Transferred from OP 1.2; GM6.04_v23_f001_EKM002+25...";EKMXXX +252;standard
112;112;112;112;112;112;EKM001+2520;13171;13171;13171;13171;13171;-1500;-1500;0.8784;0.045;"Transferred from OP 1.2; GM6.04_v23_f001_EKM003+25...";EKMXXX +252;standard
113;113;113;113;113;113;EKM002+2534;13233;13233;13233;13233;13233;-1400;-1400;0.8768;0.0448;"Transferred from OP 1.2; accepted, perturbation fr...";EKM001+252;standard
114;114;114;114;114;114;EKM003+2520;13150;13150;13150;13150;13150;-1345;-1345;0.8761;0.0448;Planar Coil Current Setting 3 with EIM SOII-S11 (-...;;standard
115;115;115;115;115;115;EKM004+2620;13645;13645;13645;13645;13645;-1174;-1174;0.8729;0.0446;same as EKM004+2505, but for O2 operation for ygao...;;standard
116;116;116;116;116;116;EKM005+2520;13134;13134;13134;13134;13134;-1200;-1200;0.8739;0.0446;"Transferred from OP 1.2; accepted, perturbation fr...";EKM+253;standard
117;117;117;117;117;117;EKM006+2620;13696;13696;13696;13696;13696;-1582;-1582;0.8787;0.045;O2 heating for EIM plus --1500 A IA,B;;standard
118;118;118;118;118;118;FHS000+2520;12477;12347;12607;13907;14037;4679;-7019;0.8401;0.045;"Transferred from OP 1.2; accepted, GM6.04 result n...";FHS+252;standard
119;119;119;119;119;119;FKM000+2520;13183;13183;13183;13183;13183;-1600;-1600;0.8799;0.0451;"Transferred from OP 1.2; accepted, perturbation fr...";FKM+252;standard
120;120;120;120;120;120;FKM001+2520;13208;13208;13208;13208;13208;-1800;-1800;0.8829;0.0453;"Transferred from OP 1.2; accepted, perturbation fr...";FKM001+252;standard
121;121;121;121;121;121;FKM002+1800;9452;9452;9452;9452;9452;-1429;-1429;0.8859;0.0455;scaled down from FKM002+2520;;standard
122;122;122;122;122;122;FKM002+2520;13233;13233;13233;13233;13233;-2000;-2000;0.8859;0.0455;"Transferred from OP 1.2; accepted (max. UF 1.04), ...";FKM002+252;standard
123;123;123;123;123;123;FKM003+2520;13196;13196;13196;13196;13196;-1707;-1707;0.8815;0.0452;Configuration between FLM000+2520 and EJM008+2520 ...;;standard
124;124;124;124;124;124;FKM003-2520;-13196;-13196;-13196;-13196;-13196;1707;1707;0.8815;0.0452;FKM003 in reversed field;;standard
125;125;125;125;125;125;FKM005+2620;13763;13763;13763;13763;13763;-2120;-2120;0.8865;0.0455;O2 heating standard config plus --2000 A IA,B.;;high
126;126;126;126;126;126;FLM000+2520;13361;13361;13361;13361;13361;-3040;-3040;0.9018;0.0466;Released configuration from the iota scan 27.09.20...;FLM+252;high
127;127;127;127;127;127;FLM000-2520;-13361;-13361;-13361;-13361;-13361;3040;3040;0.9018;0.0466;Reversed field FLM000+2520.;;low
128;128;128;128;128;128;FLM002+2520;13279;13279;13279;13279;13279;-2374;-2374;0.8916;0.0459;Configuration between FLM000+2520 and EJM008+2520 ...;;high
129;129;129;129;129;129;FLM002-2520;-13279;-13279;-13279;-13279;-13279;2374;2374;0.8916;0.0459;Reversed field FLM002+2520 from OP2.1.;;low
130;130;130;130;130;130;FMM000+2520;13485;13485;13485;13485;13485;-4040;-4040;0.9174;0.0477;"Transferred from OP 1.2; GM6.04_v23_f001_FMM+252.x...";FMM+252;high
131;131;131;131;131;131;FMM001+2520;13454;13454;13454;13454;13454;-3790;-3790;0.9134;0.0474;Released configuration from the iota scan 27.09.20...;FMM001+252;high
132;132;132;132;132;132;FMM002+1700;9055;9055;9055;9055;9055;-2388;-2388;0.9095;0.0472;Low-field variant of iota-scan limiter configurati...;;high
133;133;133;133;133;133;FMM002+1750;9322;9322;9322;9322;9322;-2458;-2458;0.9095;0.0472;FMM002+1750 (FMM002+2520 was released in OP1.2b);;high
134;134;134;134;134;134;FMM002+1800;9588;9588;9588;9588;9588;-2528;-2528;0.9095;0.0472;FMM002+1800 (scaled from FMM002+1750) for low fiel...;;high
135;135;135;135;135;135;FMM002+1810;9641;9641;9641;9641;9641;-2542;-2542;0.9095;0.0472;FMM002+1810 (scaled from FMM002+1800) for low fiel...;;high
136;136;136;136;136;136;FMM002+2520;13423;13423;13423;13423;13423;-3540;-3540;0.9095;0.0472;Released configuration from the iota scan 27.09.20...;FMM002+252;high
137;137;137;137;137;137;FMM002+2570;13689;13689;13689;13689;13689;-3610;-3610;0.9095;0.0472;Like FMM002+2520, with field on axis scaled up to ...;;high
138;138;138;138;138;138;FMM002+2620;13956;13956;13956;13956;13956;-3680;-3680;0.9095;0.0472;Like FMM002+2520, with field on axis scaled up to ...;;high
139;139;139;139;139;139;FMM002+2670;14222;14222;14222;14222;14222;-3751;-3751;0.9095;0.0472;Like FMM002+2520, with field on axis scaled up to ...;;high
140;140;140;140;140;140;FMM002+2720;14488;14488;14488;14488;14488;-3821;-3821;0.9095;0.0472;Like FMM002+2520, with field on axis scaled up to ...;;high
141;141;141;141;141;141;FMM002-2520;-13423;-13423;-13423;-13423;-13423;3540;3540;0.9095;0.0472;Reversed field FMM002+2520.;;low
142;142;142;142;142;142;FMM002-2620;-13956;-13956;-13956;-13956;-13956;3680;3680;0.9095;0.0472;Reversed field of FMM002+2620;;low
143;143;143;143;143;143;FMM003+2520;13392;13392;13392;13392;13392;-3290;-3290;0.9057;0.0469;Released configuration from the iota scan 27.09.20...;FMM003+252;high
144;144;144;144;144;144;FMM003-2520;-13392;-13392;-13392;-13392;-13392;3290;3290;0.9057;0.0469;Reversed field FMM003+2520 from OP2.1.;;low
145;145;145;145;145;145;FNM000+2520;13577;13577;13577;13577;13577;-4790;-4790;0.9292;0.0486;"Transferred from OP 1.2; GM6.04_v23_f001_FNM+252.x...";FNM+252;high
146;146;146;146;146;146;FNM001+2520;13546;13546;13546;13546;13546;-4540;-4540;0.9253;0.0483;Released configuration from the iota scan 27.09.20...;FNM001+252;high
147;147;147;147;147;147;FNM001-2520;-13546;-13546;-13546;-13546;-13546;4540;4540;0.9253;0.0483;FNM001 in reversed field.;;low
148;148;148;148;148;148;FNM002+2520;13515;13515;13515;13515;13515;-4290;-4290;0.9213;0.048;Released configuration from the iota scan 27.09.20...;FNM002+252;high
149;149;149;149;149;149;FOM000+2520;13700;13700;13700;13700;13700;-5790;-5790;0.9454;0.0497;"Transferred from OP 1.2; assessed, accepted, pertu...";FOM+252;high
150;150;150;150;150;150;FOM001+2520;13607;13607;13607;13607;13607;-5035;-5035;0.9332;0.0488;Configuration with core island's at mid radius;;high
151;151;151;151;151;151;FOM001+2520;13608;13608;13608;13608;13608;-5040;-5040;0.9332;0.0488;Released configuration from the iota scan 27.09.20...;FOM003+252;high
152;152;152;152;152;152;FOM001-2520;-13608;-13608;-13608;-13608;-13608;5040;5040;0.9332;0.0488;Reversed field FOM004+2520 from OP2.1.;;low
153;153;153;153;153;153;FOM003+2520;13638;13638;13638;13638;13638;-5290;-5290;0.9373;0.0491;Released configuration from the iota scan 27.09.20...;FOM002+252;high
154;154;154;154;154;154;FPM000+2520;13822;13822;13822;13822;13822;-6790;-6790;0.9618;0.0508;"Transferred from OP 1.2; assessed and accepted, GM...";FPM+252;high
155;155;155;155;155;155;FPM004+2520;13746;13746;13746;13746;13746;-6165;-6165;0.9515;0.0501;Configuration between FQM001+2520 and FOM004+2520 ...;;high
156;156;156;156;156;156;FQM001+2520;13883;13883;13883;13883;13883;-7290;-7290;0.9701;0.0514;Released configuration from the iota scan 27.09.20...;FQM001+252;high
157;157;157;157;157;157;FQM001-2520;-13883;-13883;-13883;-13883;-13883;7290;7290;0.9701;0.0514;FQM001 in reversed field.;;low
158;158;158;158;158;158;FRM000+2520;13944;13944;13944;13944;13944;-7790;-7790;0.9786;0.052;"Transferred from OP 1.2; assessed, accepted, pertu...";FRM003+252;high
159;159;159;159;159;159;FSM000+2520;14066;14066;14066;14066;14066;-8790;-8790;0.9956;0.0532;"Transferred from OP 1.2; assessed, accepted, pertu...";FSM002+252;high
160;160;160;160;160;160;FSM001+2520;14127;14127;14127;14127;14127;-9290;-9290;1.0043;0.0538;"Transferred from OP 1.2; accepted, perturbation fr...";FSM+252;high
161;161;161;161;161;161;FSM002+2520;14097;14097;14097;14097;14097;-9040;-9040;1.0;0.0535;"Transferred from OP 1.2; accepted, perturbation fr...";FSM001+252;high
162;162;162;162;162;162;FSM003+2531;14199;14199;14199;14199;14199;-9400;-9400;1.0055;0.0539;"Transferred from OP 1.2; accepted, perturbation fr...";FSM+253;high
163;163;163;163;163;163;FSM004+2541;14199;14199;14199;14199;14199;-9000;-9000;0.998;0.0533;"Transferred from OP 1.2; accepted, additional run ...";FSM+254;high
164;164;164;164;164;164;FTM000+2520;14187;14187;14187;14187;14187;-9783;-9783;1.0129;0.0544;Paradigmatic configuration 'high iota';;high
165;165;165;165;165;165;FTM000+2522;14199;14199;14199;14199;14199;-9797;-9797;1.013;0.0544;"Transferred from OP 1.2; accepted, perturbation fr...";FTM+252;high
166;166;166;166;166;166;FTM000+2620;14750;14750;14750;14750;14750;-10171;-10171;1.0129;0.0544;Paradigmatic configuration 'high iota' for O2-ECR ...;;high
167;167;167;167;167;167;FTM000+2642;14875;14875;14875;14875;14875;-10264;-10264;1.013;0.0544;"Transferred from OP 1.2; assessed and accepted, GM...";FTM+264;high
168;168;168;168;168;168;FTM000-2620;-14750;-14750;-14750;-14750;-14750;10171;10171;1.0129;0.0544;Reversed field FTM without iota-correction for O2;;low
169;169;169;169;169;169;FTM001+2512;14199;14199;14199;14199;14199;-10200;-10200;1.0208;0.0549;"Transferred from OP 1.2; accepted, perturbation fr...";FTM001+251;high
170;170;170;170;170;170;FTM002+2517;14199;14199;14199;14199;14199;-10000;-10000;1.0169;0.0547;"Transferred from OP 1.2; accepted, perturbation fr...";FTM002+252;high
171;171;171;171;171;171;FTM003+2527;14199;14199;14199;14199;14199;-9600;-9600;1.0093;0.0541;"Transferred from OP 1.2; accepted, perturbation fr...";FTM003+253;high
172;172;172;172;172;172;FTM004+1800;10156;10156;10156;10156;10156;-7171;-7171;1.0174;0.0547;Like FTM004+2520 (phys.) MID20088, with field on a...;;high
173;173;173;173;173;173;FTM004+2520;14219;14219;14219;14219;14219;-10040;-10040;1.0174;0.0547;Released configuration from the iota scan 27.09.20...;FTM001+252;high
174;174;174;174;174;174;FTM004+2585;14587;14587;14587;14587;14587;-10300;-10300;1.0174;0.0547;Like FTM004+2520 (phys.) MID20088, with field on a...;;high
175;175;175;175;175;175;FTM004-2520;-14219;-14219;-14219;-14219;-14219;10040;10040;1.0174;0.0547;Reversed counterpart to FTM007;;low
176;176;176;176;176;176;IKJ000+2520;13527;13145;12518;11900;11518;-2705;2705;0.8764;0.0773;High Mirror outward shifted;;standard
177;177;177;177;177;177;ILD000+2520;14235;13983;13227;10707;10586;-9074;9447;0.8929;0.0761;Paradigmatic configuration 'low shear';;standard
178;178;178;178;178;178;ILD000+2570;14517;14260;13489;10919;10796;-9254;9634;0.8929;0.0761;configuration 'low shear' based on ILD000;;standard
179;179;179;179;179;179;ILD000+2620;14800;14538;13752;11132;11006;-9434;9822;0.8929;0.0761;configuration 'low shear' based on ILD000;;standard
180;180;180;180;180;180;ILD001+2520;14296;14039;12667;10751;10622;-9107;9479;0.8942;0.0768;ILD001+2520, VMEC ID: 0982_0886_0752_0743_-0637_+0...;;standard
181;181;181;181;181;181;ILD003+2520;14409;14150;11614;10836;10706;-9179;9553;0.8967;0.0775;Variant of low-shear reference configuration with ...;;standard
182;182;182;182;182;182;IMD000+2496;14296;14039;12667;10751;10622;-10107;8479;0.9102;0.0783;Variation of ILD001+2520 with I_A,B -1kA to allow ...;;standard
183;183;183;183;183;183;JJL000+2520;13314;12939;12321;11712;11337;-755;755;0.872;0.0937;High mirror, outwards shifted;;standard
184;184;184;184;184;184;JKL000+2520;13342;12966;12346;11736;11360;-1008;1008;0.8726;0.0916;High mirror, outwards shifted;;standard
185;185;185;185;185;185;JYM000+1730;9451;11506;11506;9451;9451;-10273;-10273;1.1041;0.086;Low-field configuration with high planar coil / no...;;high
186;186;186;186;186;186;KJL000+2520;13286;12912;12295;11688;11313;-502;502;0.8714;0.0959;High mirror, outwards shifted;;standard
187;187;187;187;187;187;KJM000+2764;14510;14100;13430;12760;12360;0;0;0.8701;0.1002;"Transferred from OP 1.2; GM6.04_v23_f001_KJM+276.x...";KJM +272;standard
188;188;188;188;188;188;KJM001+1130;5772;5889;6233;5368;4868;0;0;0.8649;0.0999;"Transferred from OP 1.2; accepted, intermediate re...";KJM001+113;standard
189;189;189;189;189;189;KJM001+2519;12871;13123;13897;11965;10845;0;0;0.8649;0.1002;"Transferred from OP 1.2; accepted, intermediate re...";KJM001+252;standard
190;190;190;190;190;190;KJM001+2529;12921;13174;13952;12012;10888;0;0;0.8649;0.1001;"Transferred from OP 1.2; accepted, intermediate re...";KJM001+253;standard
191;191;191;191;191;191;KJM001+2600;13282;13547;14344;12352;11196;0;0;0.8649;0.1001;"Transferred from OP 1.2; accepted, perturbation fr...";KJM001+260;standard
192;192;192;192;192;192;KJM001+2650;13536;13806;14618;12588;11410;0;0;0.8649;0.1001;"Transferred from OP 1.2; accepted, perturbation fr...";KJM001+265;standard
193;193;193;193;193;193;KJM001+2699;13790;14060;14890;12820;11620;0;0;0.8649;0.1002;"Transferred from OP 1.2; assessed and accepted, GM...";KJM001+270;standard
194;194;194;194;194;194;KJM002+2521;12909;13162;13939;12001;10878;-250;-250;0.8686;0.1006;"Transferred from OP 1.2; to be assessed, perturbat...";KJM002+252;standard
195;195;195;195;195;195;KJM002-2520;-12904;-13162;-13936;-12001;-10878;250;250;0.8686;0.1005;Iota-correction 1 of KJM004+2519 (taken to be the ...;;standard
196;196;196;196;196;196;KJM002-2600;-13315;-13576;-14378;-12379;-11220;258;258;0.8686;0.1006;reversed field variant KJM002 at higher field stre...;;standard
197;197;197;197;197;197;KJM003+2522;12948;13202;13980;12037;10910;-500;-500;0.8724;0.101;"Transferred from OP 1.2; to be assessed, perturbat...";KJM003+252;standard
198;198;198;198;198;198;KJM005+2520;13259;12885;12270;11664;11290;-253;253;0.8708;0.098;High mirror, outwards shifted;;standard
199;199;199;199;199;199;KJM008+1700;8926;8674;8260;7852;7600;0;0;0.8702;0.1002;High-Mirror configuration at 1.7T;;standard
200;200;200;200;200;200;KJM008+1800;9451;9184;8746;8314;8047;0;0;0.8702;0.1002;Paradigmatic configuration 'high mirror' for X3-EC...;;standard
201;201;201;201;201;201;KJM008+2520;13231;12858;12244;11639;11266;0;0;0.8702;0.1002;Paradigmatic configuration 'high mirror';;standard
202;202;202;202;202;202;KJM008+2620;13756;13368;12730;12101;11713;0;0;0.8702;0.1002;Upscale of Paradigmatic High-mirror configuration ...;;standard
203;203;203;203;203;203;KJM008+2763;14509;14100;13427;12764;12354;0;0;0.8701;0.1002;Upscale of Paradigmatic High-mirror configuration ...;;standard
204;204;204;204;204;204;KJM008-2520;-13231;-12858;-12244;-11639;-11266;0;0;0.8702;0.1002;Reversed field paradigmatic configuration 'high mi...;;standard
205;205;205;205;205;205;KJM008-2620;-13756;-13368;-12730;-12101;-11713;0;0;0.8702;0.1002;Reversed-field upscale of paradigmatic high-mirror...;;standard
206;206;206;206;206;206;KJM009+1750;9188;8929;8503;8083;7824;0;0;0.8701;0.1002;Paradigmatic configuration 'high mirror' for X3-EC...;;standard
207;207;207;207;207;207;KKM000+1700;8947;8696;8285;7873;7622;-169;-169;0.8739;0.1005;Like KKM000+2520, with field on axis scaled down t...;;standard
208;208;208;208;208;208;KKM000+2300;12104;11765;11209;10651;10313;-228;-228;0.8739;0.1005;High mirror @2.3T, original: KKM000+2520;;standard
209;209;209;209;209;209;KKM000+2520;13262;12890;12281;11670;11299;-250;-250;0.8739;0.1005;"Transferred from OP 1.2; GM6.04_v23_f001_KKM005+25...";KKMXXX +252;standard
210;210;210;210;210;210;KKM000+2620;13788;13402;12768;12133;11747;-260;-260;0.8739;0.1005;Like KKM000+2520 but with B_ax(phi=0) scaled up to...;;standard
211;211;211;211;211;211;KKM000-2520;-13262;-12890;-12281;-11670;-11299;250;250;0.8739;0.1005;Reversed counterpart to KKM000+2520;;standard
212;212;212;212;212;212;KKM001+2520;13326;12952;12340;11726;11354;-750;-750;0.8815;0.1013;"Transferred from OP 1.2; GM6.04_v23_f001_KKM007+25...";KKMXXX +252;standard
213;213;213;213;213;213;KKM002+2520;13359;12984;12370;11755;11382;-1000;-1000;0.8853;0.1017;"Transferred from OP 1.2; GM6.04_v23_f001_KKM008+25...";KKMXXX +252;standard
214;214;214;214;214;214;KKM003+2520;13022;13282;14064;12109;10977;-1200;-1200;0.8829;0.1021;"Transferred from OP 1.2; accepted, run with GM6.04";KKM003+252;standard
215;215;215;215;215;215;KKM004+2520;13047;13308;14091;12132;10998;-1400;-1400;0.886;0.1024;"Transferred from OP 1.2; accepted, perturbation fr...";KKM004+252;standard
216;216;216;216;216;216;KKM005+2520;13984;11747;10208;11747;11607;0;0;0.8756;0.1004;High-mirror configuration with broad mirror-field-...;;standard
217;217;217;217;217;217;KKM006+2495;13231;12858;12244;11639;11266;-1000;-1000;0.8855;0.1019;Paradigmatic configuration 'high mirror';;standard
218;218;218;218;218;218;KKM009+2520;14018;11775;10233;11775;11635;-250;-250;0.8795;0.1009;iota-correction 1 of KKM005+2520 (taken to be the ...;;standard
219;219;219;219;219;219;KKM009-2520;-14018;-11775;-10233;-11775;-11635;250;250;0.8795;0.1009;reversed field variant of high-mirror configuratio...;;standard
220;220;220;220;220;220;KKM009-2600;-14463;-12149;-10558;-12149;-12005;258;258;0.8795;0.1008;reversed field variant of high-mirror configuratio...;;standard
221;221;221;221;221;221;KKM014+2519;12961;13215;13995;12049;10921;-750;-750;0.8761;0.1014;"Transferred from OP 1.2; accepted, perturbation fr...";KKM001+252;standard
222;222;222;222;222;222;KKM015+2518;12987;13241;14022;12073;10943;-1000;-1000;0.8799;0.1019;"Transferred from OP 1.2; to be assessed, perturbat...";KKM002+252;standard
223;223;223;223;223;223;KLM000+2520;13391;13015;12400;11783;11409;-1250;-1250;0.8892;0.1021;"Transferred from OP 1.2; GM6.04_v23_f001_KLM001+25...";KLMXXX +252;standard
224;224;224;224;224;224;KLM001+2520;13487;13109;12490;11868;11492;-2000;-2000;0.9008;0.1034;"Transferred from OP 1.2; GM6.04_v23_f001_KLM004+25...";KLMXXX +252;standard
225;225;225;225;225;225;KLM001-2520;-13487;-13109;-12490;-11868;-11492;2000;2000;0.9008;0.1034;reversed field version of KLM001+2520;;standard
226;226;226;226;226;226;KLM001-2620;-14022;-13629;-12985;-12339;-11948;2079;2079;0.9008;0.1034;reversed field version of KLM001+2520 with 2.6 T;;low
227;227;227;227;227;227;KLM002+2520;13072;13333;14118;12155;11019;-1600;-1600;0.889;0.1028;"Transferred from OP 1.2; accepted, perturbation fr...";KLM002+252;standard
228;228;228;228;228;228;KLM003+2520;13097;13358;14145;12178;11040;-1800;-1800;0.8921;0.1031;"Transferred from OP 1.2; accepted, perturbation fr...";KLM003+252;standard
229;229;229;229;229;229;KLM004+1000;5206;5312;5622;4842;4391;-789;-789;0.895;0.1033;Komfiguration f?r Flussfl?chenmessungen am 3.6.202...;;standard
230;230;230;230;230;230;KLM004+2217;11542;11777;12464;10734;9734;-1749;-1749;0.895;0.1033;High-mirror like configuration run for flux surfac...;;standard
231;231;231;231;231;231;KLM004+2520;13122;13383;14171;12201;11061;-2000;-2000;0.8952;0.1035;"Transferred from OP 1.2; accepted, perturbation fr...";KLM004+252;standard
232;232;232;232;232;232;KNM000-2525;-13670;-13297;-12683;-12078;-11705;3290;3290;0.9208;0.1038;reversed field version of KNM000+2525;;low
233;233;233;233;233;233;KNM000-2620;-14185;-13798;-13161;-12533;-12146;3414;3414;0.9208;0.1038;reversed field version of KNM000+2525, but with 2....;;low
234;234;234;234;234;234;KOF000+2520;14416;14156;12772;10841;10711;-9760;4368;0.9396;0.1013;KOF+2520, VMEC ID: 0982_0886_0752_0743_-0677_+0303...;;standard
235;235;235;235;235;235;KOF001+2520;14531;14269;11712;10927;10797;-9838;4403;0.943;0.1023;Variant of low-shear configuration increased in io...;;standard
236;236;236;236;236;236;KTM000+2520;14888;12819;12819;12819;12819;-8844;-8844;1.0169;0.1024;High-mirror, high-iota configuration to test kinet...;;high
237;237;237;237;237;237;KTM000+2570;15183;13073;13073;13073;13073;-9019;-9019;1.0169;0.1024;KTM for O2;;high
238;238;238;238;238;238;KTM000+2590;15301;13175;13175;13175;13175;-9089;-9089;1.0169;0.1024;KTM for O20;;high
239;239;239;239;239;239;KTM001+2520;14910;12838;12838;12838;12838;-9014;-9014;1.02;0.1027;;;high
240;240;240;240;240;240;LMM000+2496;13487;13109;12490;11868;11492;-3000;-3000;0.9172;0.1051;"Transferred from OP 1.2; GM6.04_v23_f001_KLM004+25...";;high
241;241;241;241;241;241;LQH000+2520;14478;14218;12828;10888;10757;-10091;1781;0.9634;0.1142;LQH+2520, VMEC ID: 0982_0886_0752_0743_-0697_+0123...;;standard
242;242;242;242;242;242;MLG001+2520;14104;13426;12481;9940;9730;-6087;6764;0.895;0.122;Low shear +1000 A planar coils;;standard
243;243;243;243;243;243;MLG003+2520;14096;13561;12532;10037;9910;-6396;6262;0.9003;0.119;"MLG+2520; VMEC ID: 0962_0889_0712_0703_-0454_+0444...";;standard
244;244;244;244;244;244;MLG004+2520;14136;13457;12509;9963;9753;-6337;6514;0.8989;0.1226;Low shear +750 A planar coils;;standard
245;245;245;245;245;245;MMG000+1750;9883;9409;8747;6968;6819;-4922;4003;0.9109;0.1245;low shear approach to test MHD-stability predictio...;;standard
246;246;246;246;246;246;MMG000+1760;9940;9463;8797;7007;6858;-4950;4026;0.911;0.1245;low shear approach to test MHD-stability predictio...;;standard
247;247;247;247;247;247;MMG000+1770;9996;9516;8847;7047;6897;-4978;4048;0.911;0.1245;low shear approach to test MHD-stability predictio...;;standard
248;248;248;248;248;248;MMG000+1780;10053;9570;8897;7087;6936;-5006;4071;0.911;0.1245;low shear approach to test MHD-stability predictio...;;standard
249;249;249;249;249;249;MMG000+1790;10109;9624;8946;7127;6975;-5034;4094;0.911;0.1245;low shear approach to test MHD-stability predictio...;;standard
250;250;250;250;250;250;MMG000+1800;10166;9678;8996;7167;7014;-5062;4117;0.911;0.1245;low shear approach to test MHD-stability predictio...;;standard
251;251;251;251;251;251;MMG000+1810;10222;9731;9046;7206;7053;-5090;4140;0.911;0.1245;low shear approach to test MHD-stability predictio...;;standard
252;252;252;252;252;252;MMG000+1815;10250;9758;9071;7226;7073;-5105;4151;0.911;0.1245;low shear approach to test MHD-stability predictio...;;standard
253;253;253;253;253;253;MMG000+2520;14232;13549;12595;10033;9820;-7087;5764;0.911;0.1245;low shear approach to test MHD-stability predictio...;;standard
254;254;254;254;254;254;MMG001+2520;14199;13518;12566;10009;9789;-6837;6014;0.907;0.1241;Low Shear +250 A Planar coils;;standard
255;255;255;255;255;255;MMG002+2520;14168;13488;12537;9986;9776;-6587;6264;0.9029;0.1232;Low shear +500 A planar coils;;standard
256;256;256;256;256;256;MMG003+2520;14128;13592;12560;10060;9932;-6646;6012;0.9043;0.1196;"MLG+2520; VMEC ID: 0962_0889_0712_0703_-0470_+0426...";;standard
257;257;257;257;257;257;NMG001+2520;14264;13579;12623;10055;9842;-7337;5514;0.915;0.1251;Variant of MMG000+2520 with I_A,B reduced by 250 A;;standard
258;258;258;258;258;258;NNG001+2520;14360;13671;12708;10123;9908;-8087;4764;0.9273;0.1271;Variant of MMG000+2520 with I_A,B reduced by 1000 ...;;standard
259;259;259;259;259;259;NNG003+2520;14296;13610;12652;10078;9864;-7587;5264;0.9191;0.1258;Variant of MMG000+2520 with I_A,B reduced by 500 A;;standard
260;260;260;260;260;260;NNG004+2520;14328;13640;12680;10101;9886;-7837;5014;0.9232;0.1264;Variant of MMG000+2520 with I_A,B reduced by 750 A;;standard
261;261;261;261;261;261;UFM000+1690;8653;7441;6057;4672;4413;5538;5538;0.8115;0.2479;UFM+1690, VMEC ID: 0860_0700_0540_0510_+0640_+0640...;;low
262;262;262;262;262;262;UFM000+1720;8804;7571;6163;4754;4490;5635;5635;0.8115;0.2479;UFM+1720, VMEC ID: 0860_0700_0540_0510_+0640_+0640...;;low
263;263;263;263;263;263;UFM000+1800;9214;7923;6449;4975;4699;5897;5897;0.8115;0.2479;UFM+1800, VMEC ID: 0860_0700_0540_0510_+0640_+0640...;;low
264;264;264;264;264;264;UFM000+1815;9290;7990;6503;5017;4738;5946;5946;0.8115;0.2479;UFM+1815, VMEC ID: 0860_0700_0540_0510_+0640_+0640...;;low
265;265;265;265;265;265;UFM000+1825;9341;8034;6539;5045;4764;5979;5979;0.8115;0.2479;UFM+1825, VMEC ID: 0860_0700_0540_0510_+0640_+0640...;;low
266;266;266;266;266;266;UFM000+1835;9393;8077;6574;5072;4790;6012;6012;0.8115;0.2479;Upscaling of UFM000+1800. The optimal X2-startup w...;;low
267;267;267;267;267;267;XIM000+2455;12285;13022;13145;14705;14865;0;0;0.8434;-0.0249;Negative mirror ratio configuration with mr=-2.5% ...;;standard
268;268;268;268;268;268;XIM001+2485;12411;13329;13106;14769;14868;0;0;0.8444;-0.0199;Negative mirror ratio configuration with mr=-2% fo...;;standard
