;LP;campaign;configuration;dischargeID;plunge;V_limit_failure;V_limit_failure_yn;V_limit_change;R_limit_failure;R_limit_failure_yn;numberOfFailureIndicators;ne;std_ne;Te;std_Te
407;50209;OP23;FTM004+2520;20250429.039;3.2;1.0;True;True;1.0;True;3;;;;
408;50209;OP23;FTM004+2520;20250429.039;4.2;1.0;True;True;1.0;True;3;;;;
406;50209;OP23;FTM004+2520;20250429.039;2.2;1.0;True;True;0.9787482290190849;True;3;;;;
620;50209;OP23;KJM008+2520;20250402.021;1.0;1.0;True;True;0.8666968371297833;True;3;;;;
623;50209;OP23;KJM008+2520;20250402.021;10.0;1.0;True;True;0.8138107931398683;True;3;;;;
624;50209;OP23;KJM008+2520;20250402.021;13.0;1.0;True;True;0.8064548562236075;True;3;;;;
493;50209;OP23;KJM008+2520;20250402.023;4.0;1.0;True;True;0.7756755396769486;True;3;;;;
488;50209;OP23;KJM008+2520;20250402.013;13.0;0.8440366972477065;True;True;0.7693468094735254;True;3;;;;
622;50209;OP23;KJM008+2520;20250402.021;7.0;1.0;True;True;0.7661671527707935;True;3;;;;
621;50209;OP23;KJM008+2520;20250402.021;4.0;1.0;True;True;0.7435381675550639;True;3;;;;
627;50209;OP23;KJM008+2520;20250402.021;20.0;1.0;True;True;0.7358756351562107;True;3;;;;
625;50209;OP23;KJM008+2520;20250402.021;16.0;1.0;True;True;0.7282745433502742;True;3;;;;
626;50209;OP23;KJM008+2520;20250402.021;18.0;1.0;True;True;0.7208670723733843;True;3;;;;
413;50209;OP23;KJM008+2520;20250402.015;1.0;0.7545454545454545;True;True;0.7018867924528301;True;3;;;;
487;50209;OP23;KJM008+2520;20250402.013;10.0;0.7850467289719626;True;True;0.6938857602574416;True;3;;;;
495;50209;OP23;KJM008+2520;20250402.023;10.0;1.0;True;True;0.6872014080965552;True;3;;;;
496;50209;OP23;KJM008+2520;20250402.023;13.0;1.0;True;True;0.674528539099824;True;3;;;;
494;50209;OP23;KJM008+2520;20250402.023;7.0;1.0;True;True;0.6722984864484336;True;3;;;;
497;50209;OP23;KJM008+2520;20250402.023;16.0;1.0;True;True;0.6672366965094055;True;3;;;;
482;50209;OP23;KJM008+2520;20250402.016;18.0;0.7171717171717171;True;True;0.6635833500904886;True;3;;;;
602;50209;OP23;KJM008+2520;20250402.020;18.0;0.7037037037037037;True;True;0.6510154836115021;True;3;;;;
634;50209;OP23;KJM008+2520;20250402.018;18.0;0.6504854368932039;True;True;0.6283933239493263;True;3;;;;
641;50209;OP23;KJM008+2520;20250402.024;16.0;1.0;True;True;0.6166574460594477;True;3;;;;
640;50209;OP23;KJM008+2520;20250402.024;13.0;1.0;True;True;0.6113317580815444;True;3;;;;
599;50209;OP23;KJM008+2520;20250402.020;10.0;0.7181818181818181;True;True;0.6034092623321768;True;3;;;;
492;50209;OP23;KJM008+2520;20250402.023;1.0;1.0;True;True;0.5990245864548243;True;3;;;;
480;50209;OP23;KJM008+2520;20250402.016;13.0;0.67;True;True;0.5958067273367188;True;3;;;;
412;50209;OP23;KJM008+2520;20250402.014;4.0;0.5571428571428572;True;True;0.5837359098228664;True;3;;;;
476;50209;OP23;KJM008+2520;20250402.016;1.0;0.6276595744680851;True;True;0.5710404507949286;True;3;;;;
414;50209;OP23;KJM008+2520;20250402.015;4.0;0.6372549019607843;True;True;0.55083253684793;True;3;;;;
501;50209;OP23;KJM008+2520;20250402.019;10.0;0.6696428571428571;True;True;0.5405813134868752;True;3;;;;
477;50209;OP23;KJM008+2520;20250402.016;4.0;0.6571428571428571;True;True;0.5405813134868752;True;3;;;;
411;50209;OP23;KJM008+2520;20250402.014;1.0;0.6267605633802817;True;True;0.5383106102530563;True;3;;;;
504;50209;OP23;KJM008+2520;20250402.019;18.0;0.6574074074074074;True;True;0.5355526501056019;True;3;;;;
636;50209;OP23;KJM008+2520;20250402.024;1.0;1.0;True;True;0.530718954248366;True;3;;;;
404;50209;OP23;FTM004+2520;20250429.008;1.0;0.5771812080536913;True;True;0.5284614223161709;True;3;;;;
637;50209;OP23;KJM008+2520;20250402.024;4.0;1.0;True;True;0.5208207604103802;True;3;;;;
489;50209;OP23;KJM008+2520;20250402.013;16.0;0.6071428571428571;True;True;0.5180825914189428;True;3;;;;
601;50209;OP23;KJM008+2520;20250402.020;16.0;0.5904761904761905;True;True;0.5155157672383444;True;3;;;;
486;50209;OP23;KJM008+2520;20250402.013;7.0;0.5841584158415841;True;True;0.5154639175257731;True;3;;;;
643;50209;OP23;KJM008+2520;20250402.024;20.0;1.0;True;True;0.513430583501006;True;3;;;;
485;50209;OP23;KJM008+2520;20250402.013;4.0;0.6082474226804123;True;True;0.5129236648898723;True;3;;;;
481;50209;OP23;KJM008+2520;20250402.016;16.0;0.5794392523364486;True;True;0.5104350012572291;True;3;;;;
498;50209;OP23;KJM008+2520;20250402.019;1.0;0.6181818181818182;True;True;0.5052790346907994;True;3;;;;
483;50209;OP23;KJM008+2520;20250402.016;20.0;0.6;True;True;0.49539807876075037;True;3;;;;
499;50209;OP23;KJM008+2520;20250402.019;4.0;0.58;True;True;0.4904920012073649;True;3;;;;
490;50209;OP23;KJM008+2520;20250402.013;18.0;0.5742574257425742;True;True;0.48768225238813473;True;3;;;;
417;50209;OP23;KJM008+2520;20250402.015;13.0;0.5131578947368421;True;True;0.48326201862572365;True;3;;;;
597;50209;OP23;KJM008+2520;20250402.020;4.0;0.5319148936170213;True;True;0.48292167614065096;True;3;;;;
632;50209;OP23;KJM008+2520;20250402.018;13.0;0.5392156862745098;True;True;0.4752564876282438;True;3;;;;
633;50209;OP23;KJM008+2520;20250402.018;16.0;0.5961538461538461;True;True;0.4751847940865892;True;3;;;;
642;50209;OP23;KJM008+2520;20250402.024;18.0;1.0;True;True;0.45815731241198954;True;3;;;;
630;50209;OP23;KJM008+2520;20250402.018;7.0;0.5752212389380531;True;True;0.4552084905185856;True;3;;;;
502;50209;OP23;KJM008+2520;20250402.019;13.0;0.5428571428571428;True;True;0.4374277238674644;True;3;;;;
505;50209;OP23;KJM008+2520;20250402.019;20.0;0.4854368932038835;True;True;0.43493563958165726;True;3;;;;
638;50209;OP23;KJM008+2520;20250402.024;7.0;1.0;True;True;0.4330399798843349;True;3;;;;
596;50209;OP23;KJM008+2520;20250402.020;1.0;0.49019607843137253;True;True;0.42238648363252373;True;3;;;;
503;50209;OP23;KJM008+2520;20250402.019;16.0;0.5454545454545454;True;True;0.4199567469697732;True;3;;;;
416;50209;OP23;KJM008+2520;20250402.015;10.0;0.5528455284552846;True;True;0.41731610437930516;True;3;;;;
639;50209;OP23;KJM008+2520;20250402.024;10.0;1.0;True;True;0.4125395947508673;True;3;;;;
631;50209;OP23;KJM008+2520;20250402.018;10.0;0.4752475247524752;True;True;0.4123918728626031;True;3;;;;
491;50209;OP23;KJM008+2520;20250402.013;20.0;0.5327102803738317;True;True;0.40721934543260774;True;3;;;;
484;50209;OP23;KJM008+2520;20250402.013;1.0;0.425531914893617;True;True;0.4025157232704403;True;3;;;;
478;50209;OP23;KJM008+2520;20250402.016;7.0;0.5566037735849056;True;True;0.4023740066391711;True;3;;;;
628;50209;OP23;KJM008+2520;20250402.018;1.0;0.46464646464646464;True;True;0.40233353450010056;True;3;;;;
629;50209;OP23;KJM008+2520;20250402.018;4.0;0.4732142857142857;True;True;0.38238993710691827;True;3;;;;
500;50209;OP23;KJM008+2520;20250402.019;7.0;0.47572815533980584;True;True;0.3821976364093538;True;3;;;;
635;50209;OP23;KJM008+2520;20250402.018;20.0;0.5188679245283019;True;True;0.37960681783900646;True;3;;;;
603;50209;OP23;KJM008+2520;20250402.020;20.0;0.5086206896551724;True;True;0.37703599436959584;True;3;;;;
479;50209;OP23;KJM008+2520;20250402.016;10.0;0.4631578947368421;True;True;0.37465426200653756;True;3;;;;
415;50209;OP23;KJM008+2520;20250402.015;7.0;0.5175438596491229;True;True;0.3572506792794606;True;3;;;;
598;50209;OP23;KJM008+2520;20250402.020;7.0;0.4326923076923077;True;True;0.30934057642975704;True;3;;;;
600;50209;OP23;KJM008+2520;20250402.020;13.0;0.3404255319148936;True;True;0.26638520305589064;True;3;;;;
405;50209;OP23;FTM004+2520;20250429.039;1.2000000000000002;1.0;True;True;0.2358237753242577;True;3;;;;
215;50209;OP23;DBM000+2520;20250401.086;7.0;0.7384615384615385;True;True;0.14821141479099678;True;3;2.842e+19;7.000000000000001e+16;21.19;0.1
160;50209;OP23;DBM000+2520;20250401.077;7.0;0.7380952380952381;True;True;0.1460030165912519;True;3;2.892e+19;9e+16;20.6;0.13
164;50209;OP23;DBM000+2520;20250401.080;7.0;0.7192982456140351;True;True;0.14343911884524468;True;3;2.63e+19;7.000000000000001e+16;22.3;0.13
131;50209;OP23;DBM000+2520;20250401.070;2.0;0.803921568627451;True;True;0.13856603773584905;True;3;3.135e+19;9e+16;24.82;0.16
134;50209;OP23;DBM000+2520;20250401.070;8.0;0.94140625;True;True;0.13352101347275286;True;3;4.508e+19;1.1e+17;24.19;0.13
23;50209;OP22;DBM000+2520;20241106.043;4.7;0.22;True;True;0.13311900336565027;True;3;;;;
133;50209;OP23;DBM000+2520;20250401.070;6.0;0.8090452261306532;True;True;0.12588010460671897;True;3;3.195e+19;1e+17;23.83;0.16
132;50209;OP23;DBM000+2520;20250401.070;4.0;0.7595628415300546;True;True;0.1258741258741259;True;3;2.723e+19;9e+16;23.6;0.18
136;50209;OP23;DBM000+2520;20250401.069;2.0;0.6708860759493671;True;True;0.09807963000201086;True;3;2.239e+19;7.000000000000001e+16;23.01;0.16
137;50209;OP23;DBM000+2520;20250401.069;4.0;0.75;True;True;0.09074446680080483;True;3;2.766e+19;9e+16;23.7;0.17
138;50209;OP23;DBM000+2520;20250401.069;6.0;0.8404255319148937;True;True;0.08561075041521969;True;3;3.641e+19;1.3e+17;21.37;0.17
139;50209;OP23;DBM000+2520;20250401.069;8.0;0.8720379146919431;True;True;0.0580453699512097;True;3;4.441e+19;2.1e+17;19.09;0.2
182;50209;OP23;DBM000+2520;20250401.050;6.4;0.6310679611650486;True;True;0.040217172732756885;True;3;2.164e+19;5e+16;28.46;0.16
161;50209;OP23;DBM000+2520;20250401.077;9.0;0.41237113402061853;True;True;0.02513826043237808;True;3;1.372e+19;7.000000000000001e+16;11.15;0.11
185;50209;OP23;DBM000+2520;20250401.045;2.9;0.45806451612903226;True;True;0.022635814889336015;True;3;;;;
173;50209;OP23;DBM000+2520;20250401.081;1.0;0.27522935779816515;True;True;0.01508978421608571;True;3;8.92e+18;3e+16;24.93;0.19
216;50209;OP23;DBM000+2520;20250401.086;9.0;0.46078431372549017;True;True;0.012578616352201259;True;3;1.279e+19;5e+16;14.67;0.11
165;50209;OP23;DBM000+2520;20250401.080;9.0;0.49056603773584906;True;True;0.012565339766787293;True;3;1.315e+19;4e+16;15.2;0.1
24;50209;OP22;DBM000+2520;20241106.044;1.0;0.34532374100719426;True;True;0.010048736371401296;True;3;;;;
26;50209;OP22;DBM000+2520;20241106.042;2.7;0.0625;True;True;0.00503879875037791;True;3;;;;
163;50209;OP23;DBM000+2520;20250401.080;4.0;0.35789473684210527;True;True;0.005027146591594611;True;3;1.186e+19;3e+16;14.87;0.08
162;50209;OP23;DBM000+2520;20250401.080;1.0;0.3;True;True;0.005026135906714918;True;3;1.068e+19;4e+16;15.09;0.1
130;50209;OP23;DBM000+2520;20250401.063;9.5;0.427536231884058;True;True;0.002514964036014285;True;3;1.526e+19;4e+16;23.36;0.14
129;50209;OP23;DBM000+2520;20250401.063;8.0;0.30434782608695654;True;True;0.002514964036014285;True;3;1.234e+19;6e+16;25.29;0.25
401;50209;OP23;FTM004+2520;20250429.040;2.7;1.0;True;True;0.0;False;2;;;;
526;50209;OP23;KJM008+2520;20250402.026;1.0;1.0;True;True;0.0;False;2;;;;
527;50209;OP23;KJM008+2520;20250402.026;4.0;1.0;True;True;0.0;False;2;;;;
528;50209;OP23;KJM008+2520;20250402.026;7.0;1.0;True;True;0.0;False;2;;;;
529;50209;OP23;KJM008+2520;20250402.026;10.0;1.0;True;True;0.0;False;2;;;;
530;50209;OP23;KJM008+2520;20250402.026;13.0;1.0;True;True;0.0;False;2;;;;
531;50209;OP23;KJM008+2520;20250402.026;16.0;1.0;True;True;0.0;False;2;;;;
532;50209;OP23;KJM008+2520;20250402.026;18.0;1.0;True;True;0.0;False;2;;;;
403;50209;OP23;FTM004+2520;20250429.035;2.7;0.6493963782696177;True;True;0.0;False;2;;;;
410;50209;OP23;FTM004+2520;20250429.056;6.2;0.6426395939086295;True;True;0.0;False;2;;;;
402;50209;OP23;FTM004+2520;20250429.038;2.7;0.626114315679077;True;True;0.0;False;2;;;;
357;50209;OP23;DBM000+2520;20250409.032;7.0;0.5434782608695652;True;True;0.0;False;2;;;;
386;50209;OP23;DBM000+2520;20250409.025;1.0;0.5319148936170213;True;True;0.0;False;2;;;;
341;50209;OP23;DBM000+2520;20250409.031;7.0;0.5287356321839081;True;True;0.0;False;2;;;;
353;50209;OP23;DBM000+2520;20250409.039;4.0;0.5232558139534884;True;True;0.0;False;2;;;;
339;50209;OP23;DBM000+2520;20250409.031;1.0;0.5227272727272727;True;True;0.0;False;2;;;;
387;50209;OP23;DBM000+2520;20250409.025;4.0;0.5217391304347826;True;True;0.0;False;2;;;;
376;50209;OP23;DBM000+2520;20250409.024;7.0;0.5176470588235295;True;True;0.0;False;2;;;;
320;50209;OP23;DBM000+2520;20250409.040;4.0;0.5116279069767442;True;True;0.0;False;2;;;;
300;50209;OP23;DBM000+2520;20250409.041;1.0;0.5057471264367817;True;True;0.0;False;2;;;;
352;50209;OP23;DBM000+2520;20250409.039;1.0;0.5056179775280899;True;True;0.0;False;2;;;;
409;50209;OP23;FTM004+2520;20250429.056;2.7;0.5027173913043478;True;True;0.0;False;2;;;;
299;50209;OP23;DBM000+2520;20250409.023;7.0;0.5;True;True;0.0;False;2;;;;
363;50209;OP23;DBM000+2520;20250409.030;4.0;0.5;True;True;0.0;False;2;;;;
301;50209;OP23;DBM000+2520;20250409.041;4.0;0.4883720930232558;True;True;0.0;False;2;;;;
238;50209;OP23;DBM000+2520;20250409.056;4.0;0.4574468085106383;True;True;0.0;False;2;;;;
181;50209;OP23;DBM000+2520;20250401.050;2.9;0.38953488372093026;True;True;0.0;False;2;1.171e+19;6e+16;31.17;0.38
190;50209;OP23;DBM000+2520;20250401.065;2.9;0.3493150684931507;True;True;0.0;False;2;;;;
177;50209;OP23;DBM000+2520;20250401.053;2.9;0.34415584415584416;True;True;0.0;False;2;1.045e+19;6e+16;32.06;0.44
213;50209;OP23;DBM000+2520;20250401.086;1.0;0.31868131868131866;True;True;0.0;False;2;1.038e+19;4e+16;13.51;0.11
214;50209;OP23;DBM000+2520;20250401.086;4.0;0.30927835051546393;True;True;0.0;False;2;1.089e+19;5e+16;13.86;0.12
194;50209;OP23;DBM000+2520;20250401.074;2.9;0.27611940298507465;True;True;0.0;False;2;8.67e+18;4e+16;33.96;0.39
121;50209;OP22;KJM008+2520;20241017.050;3.0;0.27380952380952384;True;True;0.0;False;2;;;;
159;50209;OP23;DBM000+2520;20250401.077;4.0;0.2727272727272727;True;True;0.0;False;2;1.151e+19;4e+16;13.76;0.08
28;50209;OP22;DBM000+2520;20241106.046;1.0;0.2644628099173554;True;True;0.0;False;2;;;;
14;50209;OP22;DBM000+2520;20241106.058;3.7;0.26356589147286824;True;True;0.0;False;2;;;;
178;50209;OP23;DBM000+2520;20250401.053;6.4;0.25;True;True;0.0;False;2;9.85e+18;5e+16;29.21;0.32
5;50209;OP22;DBM000+2520;20241106.055;0.7;0.2283464566929134;True;True;0.0;False;2;6.66e+18;4e+16;25.41;0.38
183;50209;OP23;DBM000+2520;20250401.049;2.9;0.22580645161290322;True;True;0.0;False;2;;;;
158;50209;OP23;DBM000+2520;20250401.077;1.0;0.22105263157894736;True;True;0.0;False;2;1.133e+19;6e+16;8.25;0.09
197;50209;OP23;DBM000+2520;20250401.061;6.4;0.21739130434782608;True;True;0.0;False;2;1.119e+19;4e+16;25.53;0.18
22;50209;OP22;DBM000+2520;20241106.043;1.0;0.21428571428571427;True;True;0.0;False;2;;;;
147;50209;OP23;DBM000+2520;20250401.076;13.0;0.2;True;True;0.0;False;2;1.15e+19;5e+16;21.34;0.2
126;50209;OP23;DBM000+2520;20250401.063;2.0;0.1891891891891892;True;True;0.0;False;2;4.93e+18;4e+16;37.73;0.63
192;50209;OP23;DBM000+2520;20250401.065;9.9;0.18699186991869918;True;True;0.0;False;2;9.32e+18;4e+16;27.81;0.27
196;50209;OP23;DBM000+2520;20250401.061;2.9;0.18691588785046728;True;True;0.0;False;2;8.24e+18;3e+16;27.5;0.19
146;50209;OP23;DBM000+2520;20250401.076;11.0;0.1810344827586207;True;True;0.0;False;2;1.129e+19;4e+16;22.89;0.17
179;50209;OP23;DBM000+2520;20250401.053;9.9;0.175;True;True;0.0;False;2;9.17e+18;5e+16;27.59;0.36
128;50209;OP23;DBM000+2520;20250401.063;6.0;0.17094017094017094;True;True;0.0;False;2;7.49e+18;5e+16;35.68;0.59
1;50209;OP22;DBM000+2520;20241106.052;2.7;0.1694915254237288;True;True;0.0;False;2;6.98e+18;5e+16;25.01;0.39
0;50209;OP22;DBM000+2520;20241106.052;0.7;0.168141592920354;True;True;0.0;False;2;7.09e+18;3e+16;24.76;0.26
155;50209;OP23;DBM000+2520;20250401.083;8.0;0.16666666666666666;True;True;0.0;False;2;9.03e+18;3e+16;13.03;0.09
7;50209;OP22;DBM000+2520;20241106.055;6.7;0.16216216216216217;True;True;0.0;False;2;4.92e+18;4e+16;32.12;0.62
157;50209;OP23;DBM000+2520;20250401.075;6.4;0.16071428571428573;True;True;0.0;False;2;5.37e+18;6e+16;37.36;0.89
13;50209;OP22;DBM000+2520;20241106.058;0.7;0.1592920353982301;True;True;0.0;False;2;;;;
122;50209;OP22;KJM008+2520;20241017.050;5.0;0.1590909090909091;True;True;0.0;False;2;;;;
6;50209;OP22;DBM000+2520;20241106.055;3.7;0.15315315315315314;True;True;0.0;False;2;5.7e+18;4e+16;32.51;0.57
191;50209;OP23;DBM000+2520;20250401.065;6.4;0.14953271028037382;True;True;0.0;False;2;8.6e+18;3e+16;27.5;0.24
193;50209;OP23;DBM000+2520;20250401.065;13.4;0.1440677966101695;True;True;0.0;False;2;9.14e+18;4e+16;25.33;0.25
29;50209;OP22;DBM000+2520;20241106.049;2.7;0.13725490196078433;True;True;0.0;False;2;;;;
30;50209;OP22;DBM000+2520;20241106.048;1.0;0.13725490196078433;True;True;0.0;False;2;;;;
145;50209;OP23;DBM000+2520;20250401.076;9.0;0.13592233009708737;True;True;0.0;False;2;8.050000000000001e+18;4e+16;24.11;0.23
199;50209;OP23;DBM000+2520;20250401.061;13.4;0.13592233009708737;True;True;0.0;False;2;8.539999999999999e+18;3e+16;23.56;0.18
10;50209;OP22;DBM000+2520;20241106.053;12.7;0.1262135922330097;True;True;0.0;False;2;3.73e+18;3e+16;21.1;0.38
12;50209;OP22;DBM000+2520;20241106.057;3.7;0.1262135922330097;True;True;0.0;False;2;5.79e+18;3e+16;23.11;0.24
143;50209;OP23;DBM000+2520;20250401.076;6.0;0.125;True;True;0.0;False;2;8.08e+18;3e+16;27.8;0.25
31;50209;OP22;DBM000+2520;20241106.050;2.7;0.12380952380952381;True;True;0.0;False;2;6.58e+18;4e+16;31.91;0.44
19;50209;OP22;DBM000+2520;20241106.054;0.7;0.12121212121212122;True;True;0.0;False;2;5.56e+18;3e+16;26.56;0.33
195;50209;OP23;DBM000+2520;20250401.074;6.4;0.11214953271028037;True;True;0.0;False;2;7.46e+18;5e+16;30.94;0.44
16;50209;OP22;DBM000+2520;20241106.056;0.7;0.10909090909090909;True;True;0.0;False;2;5.46e+18;2e+16;26.94;0.24
112;50209;OP22;KJM008+2520;20241016.078;4.0;0.10843373493975904;True;True;0.0;False;2;;;;
144;50209;OP23;DBM000+2520;20250401.076;7.5;0.10576923076923077;True;True;0.0;False;2;7.55e+18;3e+16;26.74;0.24
141;50209;OP23;DBM000+2520;20250401.076;3.0;0.10526315789473684;True;True;0.0;False;2;4.150000000000001e+18;3e+16;36.63;0.5
25;50209;OP22;DBM000+2520;20241106.042;1.0;0.10204081632653061;True;True;0.0;False;2;;;;
11;50209;OP22;DBM000+2520;20241106.053;14.7;0.10101010101010101;True;True;0.0;False;2;4.74e+18;4e+16;21.32;0.36
198;50209;OP23;DBM000+2520;20250401.061;9.9;0.09900990099009901;True;True;0.0;False;2;9.03e+18;4e+16;23.0;0.21
156;50209;OP23;DBM000+2520;20250401.075;2.9;0.09803921568627451;True;True;0.0;False;2;6.72e+18;5e+16;30.87;0.47
113;50209;OP22;KJM008+2520;20241016.071;4.0;0.0975609756097561;True;True;0.0;False;2;;;;
17;50209;OP22;DBM000+2520;20241106.056;3.7;0.09574468085106383;True;True;0.0;False;2;6.5e+18;4e+16;21.63;0.31
27;50209;OP22;DBM000+2520;20241106.045;1.0;0.09574468085106383;True;True;0.0;False;2;;;;
97;50209;OP22;KJM008+2520;20241016.074;4.0;0.09523809523809523;True;True;0.0;False;2;;;;
206;50209;OP23;DBM000+2520;20250401.060;2.9;0.09473684210526316;True;True;0.0;False;2;4.71e+18;3e+16;29.49;0.36
15;50209;OP22;DBM000+2520;20241106.058;6.7;0.09375;True;True;0.0;False;2;;;;
20;50209;OP22;DBM000+2520;20241106.054;3.7;0.09183673469387756;True;True;0.0;False;2;4.56e+18;3e+16;25.95;0.4
2;50209;OP22;DBM000+2520;20241106.052;6.7;0.09090909090909091;True;True;0.0;False;2;4.190000000000001e+18;2e+16;22.12;0.24
21;50209;OP22;DBM000+2520;20241106.054;6.7;0.0851063829787234;True;True;0.0;False;2;4.56e+18;3e+16;21.62;0.31
18;50209;OP22;DBM000+2520;20241106.056;6.7;0.07526881720430108;True;True;0.0;False;2;4.34e+18;3e+16;21.98;0.33
114;50209;OP22;KJM008+2520;20241016.063;4.0;0.07142857142857142;True;True;0.0;False;2;;;;
142;50209;OP23;DBM000+2520;20250401.076;4.5;0.06593406593406594;True;True;0.0;False;2;4.3e+18;4e+16;36.29;0.7
150;50209;OP23;DBM000+2520;20250401.072;6.0;0.06593406593406594;True;True;0.0;False;2;6.06e+18;2e+16;22.59;0.17
200;50209;OP23;DBM000+2520;20250401.059;2.9;0.06382978723404255;True;True;0.0;False;2;3.82e+18;2e+16;32.61;0.35
207;50209;OP23;DBM000+2520;20250401.060;6.4;0.0625;True;True;0.0;False;2;5.3e+18;2e+16;28.9;0.27
169;50209;OP23;DBM000+2520;20250401.084;1.0;0.056818181818181816;True;True;0.0;False;2;5.73e+18;2e+16;14.11;0.09
151;50209;OP23;DBM000+2520;20250401.072;7.5;0.05555555555555555;True;True;0.0;False;2;7.76e+18;4e+16;17.32;0.18
180;50209;OP23;DBM000+2520;20250401.053;13.4;0.053763440860215055;True;True;0.0;False;2;4.78e+18;3e+16;25.15;0.32
32;50209;OP22;DBM000+2520;20241106.050;6.7;0.05319148936170213;True;True;0.0;False;2;5.85e+18;5e+16;26.57;0.43
184;50209;OP23;DBM000+2520;20250401.049;6.4;0.05263157894736842;True;True;0.0;False;2;;;;
79;50209;OP22;KJM008+2520;20241120.029;10.6;0.047619047619047616;True;True;0.0;False;2;;;;
127;50209;OP23;DBM000+2520;20250401.063;4.0;0.0449438202247191;True;True;0.0;False;2;4.190000000000001e+18;5e+16;37.31;0.92
174;50209;OP23;DBM000+2520;20250401.081;4.0;0.0449438202247191;True;True;0.0;False;2;6.81e+18;3e+16;26.8;0.24
135;50209;OP23;DBM000+2520;20250401.070;9.5;0.044444444444444446;True;True;0.0;False;2;6.43e+18;9e+16;7.4;0.2
3;50209;OP22;DBM000+2520;20241106.051;2.7;0.04395604395604396;True;True;0.0;False;2;4.42e+18;2e+16;20.33;0.18
212;50209;OP23;DBM000+2520;20250401.057;10.0;0.04395604395604396;True;True;0.0;False;2;3.5e+18;1e+16;28.63;0.2
152;50209;OP23;DBM000+2520;20250401.072;9.0;0.043010752688172046;True;True;0.0;False;2;5.66e+18;2e+16;17.35;0.12
203;50209;OP23;DBM000+2520;20250401.058;1.0;0.043010752688172046;True;True;0.0;False;2;3.85e+18;2e+16;32.87;0.29
211;50209;OP23;DBM000+2520;20250401.057;7.0;0.043010752688172046;True;True;0.0;False;2;4.320000000000001e+18;2e+16;27.77;0.34
188;50209;OP23;DBM000+2520;20250401.052;4.0;0.03488372093023256;True;True;0.0;False;2;3.64e+18;2e+16;30.85;0.3
9;50209;OP22;DBM000+2520;20241106.053;9.7;0.034482758620689655;True;True;0.0;False;2;2.42e+18;2e+16;21.5;0.34
209;50209;OP23;DBM000+2520;20250401.060;13.4;0.03409090909090909;True;True;0.0;False;2;4.400000000000001e+18;2e+16;18.66;0.16
82;50209;OP22;KJM008+2520;20241001.060;1.0;0.033707865168539325;True;True;0.0;False;2;3.55e+18;1e+16;7.43;0.05
154;50209;OP23;DBM000+2520;20250401.083;6.0;0.03333333333333333;True;True;0.0;False;2;4.3e+18;3e+16;32.15;0.41
171;50209;OP23;DBM000+2520;20250401.084;7.0;0.03296703296703297;True;True;0.0;False;2;4.6e+18;1e+16;27.74;0.17
8;50209;OP22;DBM000+2520;20241106.053;6.7;0.024096385542168676;True;True;0.0;False;2;2.13e+18;2e+16;20.28;0.31
140;50209;OP23;DBM000+2520;20250401.076;1.0;0.023809523809523808;True;True;0.0;False;2;3.69e+18;2e+16;29.95;0.26
77;50209;OP22;KJM008+2520;20241120.029;3.6;0.023529411764705882;True;True;0.0;False;2;;;;
78;50209;OP22;KJM008+2520;20241120.029;7.1;0.023529411764705882;True;True;0.0;False;2;;;;
201;50209;OP23;DBM000+2520;20250401.059;6.4;0.023529411764705882;True;True;0.0;False;2;3.72e+18;3e+16;31.24;0.59
68;50209;OP22;KJM008+2520;20241120.055;10.6;0.023255813953488372;True;True;0.0;False;2;;;;
67;50209;OP22;KJM008+2520;20241120.055;7.1;0.022988505747126436;True;True;0.0;False;2;;;;
51;50209;OP22;FTM004+2520;20241113.064;2.0;0.021739130434782608;True;True;0.0;False;2;;;;
175;50209;OP23;DBM000+2520;20250401.081;7.0;0.021739130434782608;True;True;0.0;False;2;6.51e+18;3e+16;27.16;0.31
46;50209;OP22;FTM004+2520;20241022.023;3.0;0.02127659574468085;True;True;0.0;False;2;;;;
48;50209;OP22;FTM004+2520;20241022.020;3.0;0.02127659574468085;True;True;0.0;False;2;;;;
202;50209;OP23;DBM000+2520;20250401.059;9.9;0.02127659574468085;True;True;0.0;False;2;2.27e+18;2e+16;31.09;0.43
42;50209;OP22;FTM004+2520;20241022.063;1.0;0.021052631578947368;True;True;0.0;False;2;;;;
4;50209;OP22;DBM000+2520;20241106.051;6.7;0.012048192771084338;True;True;0.0;False;2;3.87e+18;2e+16;16.47;0.17
88;50209;OP22;KJM008+2520;20241017.053;1.0;0.012048192771084338;True;True;0.0;False;2;;;;
166;50209;OP23;DBM000+2520;20250401.079;4.0;0.012048192771084338;True;True;0.0;False;2;3.01e+18;2e+16;17.41;0.17
186;50209;OP23;DBM000+2520;20250401.055;1.0;0.012048192771084338;True;True;0.0;False;2;3.52e+18;1e+16;33.23;0.27
63;50209;OP22;KJM008+2520;20241120.016;3.6;0.011904761904761904;True;True;0.0;False;2;6e+17;1e+16;15.21;0.91
85;50209;OP22;KJM008+2520;20241001.046;16.0;0.011904761904761904;True;True;0.0;False;2;1.17e+18;0.0;7.33;0.04
89;50209;OP22;KJM008+2520;20241017.047;2.0;0.011904761904761904;True;True;0.0;False;2;;;;
167;50209;OP23;DBM000+2520;20250401.079;7.0;0.011904761904761904;True;True;0.0;False;2;3.77e+18;1e+16;27.09;0.21
205;50209;OP23;DBM000+2520;20250401.058;7.0;0.011904761904761904;True;True;0.0;False;2;2e+18;1e+16;25.46;0.33
64;50209;OP22;KJM008+2520;20241120.021;3.6;0.011764705882352941;True;True;0.0;False;2;;;;
72;50209;OP22;KJM008+2520;20241120.019;14.1;0.011764705882352941;True;True;0.0;False;2;;;;
86;50209;OP22;KJM008+2520;20241001.053;16.0;0.011764705882352941;True;True;0.0;False;2;1.55e+18;0.0;7.03;0.03
92;50209;OP22;KJM008+2520;20241120.028;14.1;0.011764705882352941;True;True;0.0;False;2;;;;
93;50209;OP22;KJM008+2520;20241017.005;1.0;0.011764705882352941;True;True;0.0;False;2;;;;
107;50209;OP22;KJM008+2520;20241001.058;1.0;0.011764705882352941;True;True;0.0;False;2;3.18e+18;1e+16;8.52;0.04
118;50209;OP22;KJM008+2520;20241009.055;1.9;0.011764705882352941;True;True;0.0;False;2;2.13e+18;1e+16;10.92;0.06
119;50209;OP22;KJM008+2520;20241009.055;5.4;0.011764705882352941;True;True;0.0;False;2;2.38e+18;1e+16;10.16;0.08
153;50209;OP23;DBM000+2520;20250401.083;2.0;0.011764705882352941;True;True;0.0;False;2;3.07e+18;2e+16;23.86;0.37
38;50209;OP22;FTM004+2520;20241113.068;8.0;0.011627906976744186;True;True;0.0;False;2;;;;
65;50209;OP22;KJM008+2520;20241120.021;10.6;0.011627906976744186;True;True;0.0;False;2;;;;
70;50209;OP22;KJM008+2520;20241120.026;3.6;0.011627906976744186;True;True;0.0;False;2;;;;
87;50209;OP22;KJM008+2520;20241001.059;4.0;0.011627906976744186;True;True;0.0;False;2;2.05e+18;1e+16;10.55;0.03
98;50209;OP22;KJM008+2520;20241016.074;6.5;0.011627906976744186;True;True;0.0;False;2;;;;
99;50209;OP22;KJM008+2520;20241016.053;1.5;0.011627906976744186;True;True;0.0;False;2;;;;
111;50209;OP22;KJM008+2520;20241009.064;5.4;0.011627906976744186;True;True;0.0;False;2;2.2200000000000005e+18;1e+16;5.89;0.02
168;50209;OP23;DBM000+2520;20250401.079;10.0;0.011627906976744186;True;True;0.0;False;2;3.95e+18;1e+16;29.27;0.23
170;50209;OP23;DBM000+2520;20250401.084;4.0;0.011627906976744186;True;True;0.0;False;2;3.35e+18;2e+16;17.31;0.14
204;50209;OP23;DBM000+2520;20250401.058;4.0;0.011627906976744186;True;True;0.0;False;2;2.79e+18;2e+16;30.95;0.47
40;50209;OP22;FTM004+2520;20241113.067;14.0;0.011494252873563218;True;True;0.0;False;2;;;;
50;50209;OP22;FTM004+2520;20241113.062;0.5;0.011494252873563218;True;True;0.0;False;2;;;;
69;50209;OP22;KJM008+2520;20241120.052;7.1;0.011494252873563218;True;True;0.0;False;2;;;;
81;50209;OP22;KJM008+2520;20241120.032;3.6;0.011494252873563218;True;True;0.0;False;2;;;;
109;50209;OP22;KJM008+2520;20241009.021;6.0;0.011494252873563218;True;True;0.0;False;2;2.02e+18;0.0;6.84;0.03
172;50209;OP23;DBM000+2520;20250401.084;10.0;0.011494252873563218;True;True;0.0;False;2;3.81e+18;1e+16;31.19;0.24
176;50209;OP23;DBM000+2520;20250401.081;10.0;0.011494252873563218;True;True;0.0;False;2;4.5e+18;2e+16;25.67;0.26
189;50209;OP23;DBM000+2520;20250401.052;7.0;0.011494252873563218;True;True;0.0;False;2;3.39e+18;3e+16;31.9;0.56
210;50209;OP23;DBM000+2520;20250401.057;4.0;0.011494252873563218;True;True;0.0;False;2;2.81e+18;1e+16;19.42;0.15
49;50209;OP22;FTM004+2520;20241022.016;2.0;0.011363636363636364;True;True;0.0;False;2;;;;
52;50209;OP22;FTM004+2520;20241113.064;4.0;0.011363636363636364;True;True;0.0;False;2;;;;
149;50209;OP23;DBM000+2520;20250401.072;4.5;0.011363636363636364;True;True;0.0;False;2;4.06e+18;3e+16;26.59;0.33
100;50209;OP22;KJM008+2520;20241016.053;4.0;0.011235955056179775;True;True;0.0;False;2;;;;
123;50209;OP22;KJM008+2520;20241016.055;1.5;0.011235955056179775;True;True;0.0;False;2;;;;
35;50209;OP22;FTM004+2520;20241113.071;0.5;0.011111111111111112;True;True;0.0;False;2;;;;
36;50209;OP22;FTM004+2520;20241113.068;2.0;0.011111111111111112;True;True;0.0;False;2;;;;
47;50209;OP22;FTM004+2520;20241022.020;2.0;0.011111111111111112;True;True;0.0;False;2;;;;
71;50209;OP22;KJM008+2520;20241120.026;7.1;0.011111111111111112;True;True;0.0;False;2;;;;
208;50209;OP23;DBM000+2520;20250401.060;9.9;0.011111111111111112;True;True;0.0;False;2;4.43e+18;1e+16;22.81;0.14
59;50209;OP22;FTM004+2520;20241022.054;7.0;0.01098901098901099;True;True;0.0;False;2;;;;
33;50209;OP22;FTM004+2520;20241113.070;2.0;0.010869565217391304;True;True;0.0;False;2;;;;
39;50209;OP22;FTM004+2520;20241113.068;12.0;0.010869565217391304;True;True;0.0;False;2;;;;
60;50209;OP22;FTM004+2520;20241022.056;4.0;0.010869565217391304;True;True;0.0;False;2;;;;
106;50209;OP22;KJM008+2520;20241009.056;1.9;0.010869565217391304;True;True;0.0;False;2;;;;
96;50209;OP22;KJM008+2520;20241017.010;1.0;0.010638297872340425;True;True;0.0;False;2;;;;
45;50209;OP22;FTM004+2520;20241022.025;2.0;0.010526315789473684;True;True;0.0;False;2;;;;
66;50209;OP22;KJM008+2520;20241120.055;3.6;0.010526315789473684;True;True;0.0;False;2;;;;
41;50209;OP22;FTM004+2520;20241022.062;7.0;0.010416666666666666;True;True;0.0;False;2;;;;
34;50209;OP22;FTM004+2520;20241113.072;8.0;0.010309278350515464;True;True;0.0;False;2;;;;
53;50209;OP22;FTM004+2520;20241022.008;2.0;0.010309278350515464;True;True;0.0;False;2;;;;
58;50209;OP22;FTM004+2520;20241022.051;4.0;0.01020408163265306;True;True;0.0;False;2;;;;
54;50209;OP22;FTM004+2520;20241022.009;2.0;0.010101010101010102;True;True;0.0;False;2;;;;
44;50209;OP22;FTM004+2520;20241022.058;7.0;0.00980392156862745;True;True;0.0;False;2;;;;
83;50209;OP22;KJM008+2520;20241001.060;4.0;0.011235955056179775;True;False;0.03519356460532931;True;2;3.29e+18;1e+16;6.8;0.03
55;50209;OP22;FTM004+2520;20241022.026;3.0;0.02040816326530612;True;False;0.012574187707474097;True;2;;;;
102;50209;OP22;KJM008+2520;20241009.038;3.0;0.011764705882352941;True;False;0.007541478129713424;True;2;2.06e+18;0.0;6.21;0.02
80;50209;OP22;KJM008+2520;20241120.029;14.1;0.011627906976744186;True;False;0.005028916268544128;True;2;;;;
37;50209;OP22;FTM004+2520;20241113.068;6.0;0.0;False;True;0.0;False;1;;;;
43;50209;OP22;FTM004+2520;20241022.057;4.0;0.0;False;True;0.0;False;1;;;;
61;50209;OP22;FTM004+2520;20241022.056;10.0;0.0;False;True;0.0;False;1;;;;
62;50209;OP22;FTM004+2520;20241022.059;10.0;0.0;False;True;0.0;False;1;;;;
124;50209;OP22;KJM008+2520;20241009.026;5.0;0.0;False;True;0.0;False;1;1.87e+18;0.0;6.01;0.02
148;50209;OP23;DBM000+2520;20250401.072;3.0;0.0;False;True;0.0;False;1;3.24e+18;2e+16;25.23;0.34
125;50209;OP22;KJM008+2520;20241009.022;3.0;0.0;False;False;0.04530125333467559;True;1;3.72e+18;1e+16;8.03;0.02
108;50209;OP22;KJM008+2520;20241001.058;4.0;0.0;False;False;0.02765903947699271;True;1;3.48e+18;1e+16;7.3;0.03
117;50209;OP22;KJM008+2520;20241009.006;1.0;0.0;False;False;0.02010757552908058;True;1;2.38e+18;2e+16;8.33;0.11
75;50209;OP22;KJM008+2520;20241120.022;10.6;0.0;False;False;0.015081439774783833;True;1;;;;
116;50209;OP22;KJM008+2520;20241009.020;9.0;0.0;False;False;0.01257798349768565;True;1;2.57e+18;2e+16;10.62;0.08
103;50209;OP22;KJM008+2520;20241009.036;3.0;0.0;False;False;0.01005479865265698;True;1;;;;
74;50209;OP22;KJM008+2520;20241120.022;7.1;0.0;False;False;0.010052777079668259;True;1;;;;
115;50209;OP22;KJM008+2520;20241009.020;6.0;0.0;False;False;0.005028916268544128;True;1;2.23e+18;1e+16;10.05;0.06
95;50209;OP22;KJM008+2520;20241017.004;2.0;0.0;False;False;0.00502815768302494;True;1;;;;
76;50209;OP22;KJM008+2520;20241120.022;14.1;0.0;False;False;0.005027904872039821;True;1;;;;
91;50209;OP22;KJM008+2520;20241017.049;5.0;0.0;False;False;0.005026893882270145;True;1;;;;
84;50209;OP22;KJM008+2520;20241001.060;7.0;0.0;False;False;0.0025150905432595573;True;1;2.73e+18;1e+16;6.63;0.04
120;50209;OP22;KJM008+2520;20241017.050;1.0;0.0;False;False;0.002514964036014285;True;1;;;;
105;50209;OP22;KJM008+2520;20241009.029;3.0;0.0;False;False;0.002514331690636629;True;1;2.49e+18;1e+16;6.93;0.03
94;50209;OP22;KJM008+2520;20241017.004;1.0;0.0;False;False;0.0025142052597174032;True;1;;;;
101;50209;OP22;KJM008+2520;20241016.053;14.0;0.0;False;False;0.002513826043237808;True;1;;;;
110;50209;OP22;KJM008+2520;20241009.062;5.4;0.0;False;False;0.002513699663164245;True;1;1.6e+18;0.0;8.3;0.03
104;50209;OP22;KJM008+2520;20241009.035;3.0;0.0;False;False;0.0025134469411350726;True;1;2.2200000000000005e+18;0.0;6.59;0.02
660;50209;OP23;KJM008+2520;20250402.067;4.0;0.5949367088607594;True;False;0.0;False;1;;;;
334;50209;OP23;DBM000+2520;20250409.061;7.0;0.5789473684210527;True;False;0.0;False;1;;;;
657;50209;OP23;KJM008+2520;20250402.066;1.0;0.5724137931034483;True;False;0.0;False;1;;;;
473;50209;OP23;KJM008+2520;20250402.079;8.0;0.5656565656565656;True;False;0.0;False;1;;;;
567;50209;OP23;KJM008+2520;20250402.042;4.0;0.5631067961165048;True;False;0.0;False;1;;;;
653;50209;OP23;KJM008+2520;20250402.059;5.0;0.5575221238938053;True;False;0.0;False;1;;;;
728;50209;OP23;KJM008+2520;20250403.015;1.0;0.5565217391304348;True;False;0.0;False;1;;;;
584;50209;OP23;KJM008+2520;20250402.040;13.0;0.550561797752809;True;False;0.0;False;1;;;;
244;50209;OP23;DBM000+2520;20250409.052;1.0;0.5504587155963303;True;False;0.0;False;1;;;;
332;50209;OP23;DBM000+2520;20250409.061;1.0;0.55;True;False;0.0;False;1;;;;
274;50209;OP23;DBM000+2520;20250409.053;1.0;0.5490196078431373;True;False;0.0;False;1;;;;
252;50209;OP23;DBM000+2520;20250409.050;9.0;0.5463917525773195;True;False;0.0;False;1;;;;
522;50209;OP23;KJM008+2520;20250402.075;5.0;0.5454545454545454;True;False;0.0;False;1;;;;
745;50209;OP23;KJM008+2520;20250403.023;20.0;0.5444444444444444;True;False;0.0;False;1;;;;
333;50209;OP23;DBM000+2520;20250409.061;4.0;0.5425531914893617;True;False;0.0;False;1;;;;
750;50209;OP23;KJM008+2520;20250403.024;13.0;0.5423728813559322;True;False;0.0;False;1;;;;
328;50209;OP23;DBM000+2520;20250409.042;4.0;0.5402298850574713;True;False;0.0;False;1;;;;
559;50209;OP23;KJM008+2520;20250402.041;0.8;0.5402298850574713;True;False;0.0;False;1;;;;
614;50209;OP23;KJM008+2520;20250402.038;7.0;0.5402298850574713;True;False;0.0;False;1;;;;
738;50209;OP23;KJM008+2520;20250403.023;1.0;0.5402298850574713;True;False;0.0;False;1;;;;
314;50209;OP23;DBM000+2520;20250409.048;10.0;0.5393258426966292;True;False;0.0;False;1;;;;
365;50209;OP23;DBM000+2520;20250409.030;10.0;0.5393258426966292;True;False;0.0;False;1;;;;
454;50209;OP23;KJM008+2520;20250402.077;5.0;0.5393258426966292;True;False;0.0;False;1;;;;
555;50209;OP23;KJM008+2520;20250402.046;0.8;0.5393258426966292;True;False;0.0;False;1;4.08e+18;2.99e+18;6.52;8.35
649;50209;OP23;KJM008+2520;20250402.033;16.0;0.5384615384615384;True;False;0.0;False;1;0.0;;82.83;63.5
390;50209;OP23;DBM000+2520;20250409.069;7.199999999999999;0.5376344086021505;True;False;0.0;False;1;;;;
524;50209;OP23;KJM008+2520;20250402.075;11.0;0.5368421052631579;True;False;0.0;False;1;;;;
399;50209;OP23;DBM000+2520;20250409.068;16.2;0.5360824742268041;True;False;0.0;False;1;;;;
221;50209;OP23;DBM000+2520;20250409.018;1.0;0.5353535353535354;True;False;0.0;False;1;;;;
737;50209;OP23;KJM008+2520;20250403.014;13.0;0.5353535353535354;True;False;0.0;False;1;;;;
381;50209;OP23;DBM000+2520;20250409.026;13.0;0.5348837209302325;True;False;0.0;False;1;;;;
673;50209;OP23;KJM008+2520;20250403.020;4.0;0.5348837209302325;True;False;0.0;False;1;;;;
729;50209;OP23;KJM008+2520;20250403.015;4.0;0.5346534653465347;True;False;0.0;False;1;;;;
266;50209;OP23;DBM000+2520;20250409.055;10.0;0.5340909090909091;True;False;0.0;False;1;;;;
364;50209;OP23;DBM000+2520;20250409.030;7.0;0.5340909090909091;True;False;0.0;False;1;;;;
678;50209;OP23;KJM008+2520;20250403.020;18.0;0.5333333333333333;True;False;0.0;False;1;;;;
462;50209;OP23;KJM008+2520;20250402.078;14.0;0.532608695652174;True;False;0.0;False;1;;;;
735;50209;OP23;KJM008+2520;20250403.014;7.0;0.532608695652174;True;False;0.0;False;1;;;;
578;50209;OP23;KJM008+2520;20250402.043;18.0;0.5319148936170213;True;False;0.0;False;1;;;;
253;50209;OP23;DBM000+2520;20250409.050;11.0;0.53125;True;False;0.0;False;1;;;;
316;50209;OP23;DBM000+2520;20250409.045;4.0;0.53125;True;False;0.0;False;1;;;;
447;50209;OP23;KJM008+2520;20250402.062;2.0;0.5306122448979592;True;False;0.0;False;1;;;;
515;50209;OP23;KJM008+2520;20250402.074;14.0;0.5294117647058824;True;False;0.0;False;1;;;;
751;50209;OP23;KJM008+2520;20250403.024;16.0;0.5294117647058824;True;False;0.0;False;1;;;;
736;50209;OP23;KJM008+2520;20250403.014;10.0;0.5288461538461539;True;False;0.0;False;1;;;;
259;50209;OP23;DBM000+2520;20250409.050;26.0;0.5287356321839081;True;False;0.0;False;1;;;;
753;50209;OP23;KJM008+2520;20250403.024;20.0;0.5287356321839081;True;False;0.0;False;1;;;;
757;50209;OP23;KJM008+2520;20250403.025;10.0;0.5287356321839081;True;False;0.0;False;1;;;;
351;50209;OP23;DBM000+2520;20250409.038;10.0;0.5280898876404494;True;False;0.0;False;1;;;;
449;50209;OP23;KJM008+2520;20250402.062;8.0;0.5280898876404494;True;False;0.0;False;1;;;;
691;50209;OP23;KJM008+2520;20250403.021;10.0;0.5280898876404494;True;False;0.0;False;1;;;;
369;50209;OP23;DBM000+2520;20250409.033;10.0;0.5277777777777778;True;False;0.0;False;1;;;;
679;50209;OP23;KJM008+2520;20250403.020;20.0;0.5274725274725275;True;False;0.0;False;1;;;;
708;50209;OP23;KJM008+2520;20250403.017;13.0;0.5274725274725275;True;False;0.0;False;1;;;;
713;50209;OP23;KJM008+2520;20250403.026;4.0;0.5274725274725275;True;False;0.0;False;1;;;;
275;50209;OP23;DBM000+2520;20250409.053;3.0;0.5268817204301075;True;False;0.0;False;1;;;;
398;50209;OP23;DBM000+2520;20250409.068;13.2;0.5268817204301075;True;False;0.0;False;1;;;;
468;50209;OP23;KJM008+2520;20250402.081;1.0;0.5268817204301075;True;False;0.0;False;1;;;;
525;50209;OP23;KJM008+2520;20250402.075;14.0;0.5268817204301075;True;False;0.0;False;1;;;;
227;50209;OP23;DBM000+2520;20250409.016;10.0;0.5263157894736842;True;False;0.0;False;1;;;;
348;50209;OP23;DBM000+2520;20250409.038;1.0;0.5263157894736842;True;False;0.0;False;1;;;;
249;50209;OP23;DBM000+2520;20250409.050;3.0;0.5257731958762887;True;False;0.0;False;1;;;;
665;50209;OP23;KJM008+2520;20250403.016;4.0;0.5257731958762887;True;False;0.0;False;1;;;;
671;50209;OP23;KJM008+2520;20250403.016;20.0;0.5257731958762887;True;False;0.0;False;1;;;;
734;50209;OP23;KJM008+2520;20250403.014;4.0;0.5257731958762887;True;False;0.0;False;1;;;;
450;50209;OP23;KJM008+2520;20250402.062;11.0;0.5244755244755245;True;False;0.0;False;1;;;;
654;50209;OP23;KJM008+2520;20250402.059;8.0;0.5242718446601942;True;False;0.0;False;1;;;;
730;50209;OP23;KJM008+2520;20250403.015;7.0;0.5233644859813084;True;False;0.0;False;1;;;;
218;50209;OP23;DBM000+2520;20250409.017;4.0;0.5232558139534884;True;False;0.0;False;1;;;;
356;50209;OP23;DBM000+2520;20250409.032;4.0;0.5232558139534884;True;False;0.0;False;1;;;;
425;50209;OP23;KJM008+2520;20250402.028;10.0;0.5232558139534884;True;False;0.0;False;1;;;;
518;50209;OP23;KJM008+2520;20250402.064;8.0;0.5232558139534884;True;False;0.0;False;1;;;;
669;50209;OP23;KJM008+2520;20250403.016;16.0;0.5232558139534884;True;False;0.0;False;1;;;;
697;50209;OP23;KJM008+2520;20250403.018;4.0;0.5232558139534884;True;False;0.0;False;1;;;;
392;50209;OP23;DBM000+2520;20250409.069;13.2;0.5227272727272727;True;False;0.0;False;1;;;;
650;50209;OP23;KJM008+2520;20250402.033;18.0;0.5227272727272727;True;False;0.0;False;1;0.0;;73.29;53.17
666;50209;OP23;KJM008+2520;20250403.016;7.0;0.5227272727272727;True;False;0.0;False;1;;;;
225;50209;OP23;DBM000+2520;20250409.016;4.0;0.5222222222222223;True;False;0.0;False;1;;;;
568;50209;OP23;KJM008+2520;20250402.042;7.0;0.5222222222222223;True;False;0.0;False;1;0.0;;91.93;76.73
583;50209;OP23;KJM008+2520;20250402.040;10.0;0.5222222222222223;True;False;0.0;False;1;;;;
615;50209;OP23;KJM008+2520;20250402.038;10.0;0.5222222222222223;True;False;0.0;False;1;;;;
651;50209;OP23;KJM008+2520;20250402.033;20.0;0.5222222222222223;True;False;0.0;False;1;;;;
702;50209;OP23;KJM008+2520;20250403.018;18.0;0.5217391304347826;True;False;0.0;False;1;;;;
709;50209;OP23;KJM008+2520;20250403.017;16.0;0.5217391304347826;True;False;0.0;False;1;;;;
761;50209;OP23;KJM008+2520;20250403.025;20.0;0.5217391304347826;True;False;0.0;False;1;;;;
763;50209;OP23;KJM008+2520;20250402.068;4.0;0.5214285714285715;True;False;0.0;False;1;;;;
437;50209;OP23;KJM008+2520;20250402.048;4.0;0.5212765957446809;True;False;0.0;False;1;7.8e+17;4.79e+18;6.78;57.14
579;50209;OP23;KJM008+2520;20250402.043;20.0;0.5212765957446809;True;False;0.0;False;1;;;;
719;50209;OP23;KJM008+2520;20250403.026;20.0;0.5212765957446809;True;False;0.0;False;1;;;;
318;50209;OP23;DBM000+2520;20250409.045;10.0;0.5208333333333334;True;False;0.0;False;1;;;;
516;50209;OP23;KJM008+2520;20250402.064;2.0;0.5208333333333334;True;False;0.0;False;1;;;;
521;50209;OP23;KJM008+2520;20250402.075;2.0;0.5208333333333334;True;False;0.0;False;1;;;;
361;50209;OP23;DBM000+2520;20250409.035;10.0;0.5204081632653061;True;False;0.0;False;1;;;;
652;50209;OP23;KJM008+2520;20250402.059;2.0;0.52;True;False;0.0;False;1;;;;
446;50209;OP23;KJM008+2520;20250402.054;2.0;0.5180722891566265;True;False;0.0;False;1;;;;
271;50209;OP23;DBM000+2520;20250409.062;4.0;0.5176470588235295;True;False;0.0;False;1;;;;
308;50209;OP23;DBM000+2520;20250409.057;4.0;0.5176470588235295;True;False;0.0;False;1;;;;
457;50209;OP23;KJM008+2520;20250402.077;14.0;0.5176470588235295;True;False;0.0;False;1;;;;
239;50209;OP23;DBM000+2520;20250409.056;7.0;0.5172413793103449;True;False;0.0;False;1;;;;
420;50209;OP23;KJM008+2520;20250402.036;0.8;0.5172413793103449;True;False;0.0;False;1;;;;
507;50209;OP23;KJM008+2520;20250402.071;5.0;0.5172413793103449;True;False;0.0;False;1;;;;
535;50209;OP23;KJM008+2520;20250402.030;7.0;0.5172413793103449;True;False;0.0;False;1;;;;
542;50209;OP23;KJM008+2520;20250402.027;4.0;0.5172413793103449;True;False;0.0;False;1;;;;
661;50209;OP23;KJM008+2520;20250402.060;1.0;0.5172413793103449;True;False;0.0;False;1;;;;
744;50209;OP23;KJM008+2520;20250403.023;18.0;0.5172413793103449;True;False;0.0;False;1;;;;
760;50209;OP23;KJM008+2520;20250403.025;18.0;0.5172413793103449;True;False;0.0;False;1;;;;
379;50209;OP23;DBM000+2520;20250409.026;7.0;0.5168539325842697;True;False;0.0;False;1;;;;
562;50209;OP23;KJM008+2520;20250402.041;12.8;0.5168539325842697;True;False;0.0;False;1;;;;
699;50209;OP23;KJM008+2520;20250403.018;10.0;0.5168539325842697;True;False;0.0;False;1;;;;
573;50209;OP23;KJM008+2520;20250402.043;4.0;0.5164835164835165;True;False;0.0;False;1;;;;
618;50209;OP23;KJM008+2520;20250402.038;18.0;0.5164835164835165;True;False;0.0;False;1;;;;
727;50209;OP23;KJM008+2520;20250403.022;20.0;0.5164835164835165;True;False;0.0;False;1;;;;
384;50209;OP23;DBM000+2520;20250409.020;7.0;0.5161290322580645;True;False;0.0;False;1;;;;
696;50209;OP23;KJM008+2520;20250403.018;1.0;0.5161290322580645;True;False;0.0;False;1;;;;
740;50209;OP23;KJM008+2520;20250403.023;7.0;0.5161290322580645;True;False;0.0;False;1;;;;
513;50209;OP23;KJM008+2520;20250402.074;8.0;0.5154639175257731;True;False;0.0;False;1;;;;
245;50209;OP23;DBM000+2520;20250409.052;4.0;0.5151515151515151;True;False;0.0;False;1;;;;
509;50209;OP23;KJM008+2520;20250402.071;11.0;0.5151515151515151;True;False;0.0;False;1;;;;
438;50209;OP23;KJM008+2520;20250402.048;7.0;0.5130434782608696;True;False;0.0;False;1;;;;
474;50209;OP23;KJM008+2520;20250402.079;11.0;0.5128205128205128;True;False;0.0;False;1;;;;
444;50209;OP23;KJM008+2520;20250402.051;10.0;0.5126050420168067;True;False;0.0;False;1;2.61e+18;2.1800000000000005e+18;6.76;9.43
337;50209;OP23;DBM000+2520;20250409.027;4.0;0.5121951219512195;True;False;0.0;False;1;;;;
690;50209;OP23;KJM008+2520;20250403.021;7.0;0.5121951219512195;True;False;0.0;False;1;;;;
241;50209;OP23;DBM000+2520;20250409.056;13.0;0.5119047619047619;True;False;0.0;False;1;;;;
268;50209;OP23;DBM000+2520;20250409.055;16.0;0.5119047619047619;True;False;0.0;False;1;;;;
343;50209;OP23;DBM000+2520;20250409.036;4.0;0.5119047619047619;True;False;0.0;False;1;;;;
565;50209;OP23;KJM008+2520;20250402.065;7.5;0.5119047619047619;True;False;0.0;False;1;;;;
569;50209;OP23;KJM008+2520;20250402.042;10.0;0.5119047619047619;True;False;0.0;False;1;0.0;;6.44;
689;50209;OP23;KJM008+2520;20250403.021;4.0;0.5119047619047619;True;False;0.0;False;1;;;;
234;50209;OP23;DBM000+2520;20250409.021;4.0;0.5116279069767442;True;False;0.0;False;1;;;;
247;50209;OP23;DBM000+2520;20250409.052;10.0;0.5116279069767442;True;False;0.0;False;1;;;;
276;50209;OP23;DBM000+2520;20250409.053;5.0;0.5116279069767442;True;False;0.0;False;1;;;;
331;50209;OP23;DBM000+2520;20250409.042;13.0;0.5116279069767442;True;False;0.0;False;1;;;;
429;50209;OP23;KJM008+2520;20250402.037;4.8;0.5116279069767442;True;False;0.0;False;1;;;;
534;50209;OP23;KJM008+2520;20250402.030;4.0;0.5116279069767442;True;False;0.0;False;1;;;;
619;50209;OP23;KJM008+2520;20250402.038;20.0;0.5116279069767442;True;False;0.0;False;1;;;;
667;50209;OP23;KJM008+2520;20250403.016;10.0;0.5116279069767442;True;False;0.0;False;1;;;;
672;50209;OP23;KJM008+2520;20250403.020;1.0;0.5116279069767442;True;False;0.0;False;1;;;;
674;50209;OP23;KJM008+2520;20250403.020;7.0;0.5116279069767442;True;False;0.0;False;1;;;;
694;50209;OP23;KJM008+2520;20250403.021;18.0;0.5116279069767442;True;False;0.0;False;1;;;;
721;50209;OP23;KJM008+2520;20250403.022;4.0;0.5116279069767442;True;False;0.0;False;1;;;;
323;50209;OP23;DBM000+2520;20250409.043;4.0;0.5113636363636364;True;False;0.0;False;1;;;;
590;50209;OP23;KJM008+2520;20250402.039;7.0;0.5113636363636364;True;False;0.0;False;1;;;;
609;50209;OP23;KJM008+2520;20250402.034;16.0;0.5113636363636364;True;False;0.0;False;1;;;;
703;50209;OP23;KJM008+2520;20250403.018;20.0;0.5113636363636364;True;False;0.0;False;1;;;;
716;50209;OP23;KJM008+2520;20250403.026;13.0;0.5113636363636364;True;False;0.0;False;1;;;;
746;50209;OP23;KJM008+2520;20250403.024;1.0;0.5113636363636364;True;False;0.0;False;1;;;;
289;50209;OP23;DBM000+2520;20250409.047;1.0;0.5111111111111111;True;False;0.0;False;1;;;;
295;50209;OP23;DBM000+2520;20250409.046;7.0;0.5111111111111111;True;False;0.0;False;1;;;;
325;50209;OP23;DBM000+2520;20250409.043;10.0;0.5111111111111111;True;False;0.0;False;1;;;;
400;50209;OP23;DBM000+2520;20250409.068;19.2;0.5111111111111111;True;False;0.0;False;1;;;;
536;50209;OP23;KJM008+2520;20250402.030;10.0;0.5111111111111111;True;False;0.0;False;1;;;;
549;50209;OP23;KJM008+2520;20250402.061;1.0;0.5111111111111111;True;False;0.0;False;1;;;;
551;50209;OP23;KJM008+2520;20250402.061;7.5;0.5111111111111111;True;False;0.0;False;1;;;;
574;50209;OP23;KJM008+2520;20250402.043;7.0;0.5111111111111111;True;False;0.0;False;1;;;;
587;50209;OP23;KJM008+2520;20250402.040;20.0;0.5111111111111111;True;False;0.0;False;1;;;;
645;50209;OP23;KJM008+2520;20250402.033;4.0;0.5111111111111111;True;False;0.0;False;1;3.47e+18;1.16e+18;8.3;4.69
711;50209;OP23;KJM008+2520;20250403.017;20.0;0.5111111111111111;True;False;0.0;False;1;;;;
739;50209;OP23;KJM008+2520;20250403.023;4.0;0.5111111111111111;True;False;0.0;False;1;;;;
427;50209;OP23;KJM008+2520;20250402.028;16.0;0.5109489051094891;True;False;0.0;False;1;;;;
310;50209;OP23;DBM000+2520;20250409.057;10.0;0.5108695652173914;True;False;0.0;False;1;;;;
585;50209;OP23;KJM008+2520;20250402.040;16.0;0.5108695652173914;True;False;0.0;False;1;;;;
607;50209;OP23;KJM008+2520;20250402.034;10.0;0.5108695652173914;True;False;0.0;False;1;;;;
664;50209;OP23;KJM008+2520;20250403.016;1.0;0.5108695652173914;True;False;0.0;False;1;;;;
695;50209;OP23;KJM008+2520;20250403.021;20.0;0.5108695652173914;True;False;0.0;False;1;;;;
255;50209;OP23;DBM000+2520;20250409.050;15.0;0.5106382978723404;True;False;0.0;False;1;;;;
463;50209;OP23;KJM008+2520;20250402.080;2.0;0.5106382978723404;True;False;0.0;False;1;;;;
508;50209;OP23;KJM008+2520;20250402.071;8.0;0.5106382978723404;True;False;0.0;False;1;;;;
698;50209;OP23;KJM008+2520;20250403.018;7.0;0.5106382978723404;True;False;0.0;False;1;;;;
251;50209;OP23;DBM000+2520;20250409.050;7.0;0.5104166666666666;True;False;0.0;False;1;;;;
261;50209;OP23;DBM000+2520;20250409.050;32.0;0.5104166666666666;True;False;0.0;False;1;;;;
752;50209;OP23;KJM008+2520;20250403.024;18.0;0.5104166666666666;True;False;0.0;False;1;;;;
571;50209;OP23;KJM008+2520;20250402.042;16.0;0.5069444444444444;True;False;0.0;False;1;0.0;;72.7;55.43
475;50209;OP23;KJM008+2520;20250402.079;14.0;0.5066666666666667;True;False;0.0;False;1;;;;
658;50209;OP23;KJM008+2520;20250402.066;4.0;0.5064935064935064;True;False;0.0;False;1;;;;
683;50209;OP23;KJM008+2520;20250403.019;10.0;0.5061728395061729;True;False;0.0;False;1;;;;
230;50209;OP23;DBM000+2520;20250409.022;4.0;0.5060240963855421;True;False;0.0;False;1;;;;
354;50209;OP23;DBM000+2520;20250409.039;7.0;0.5060240963855421;True;False;0.0;False;1;;;;
388;50209;OP23;DBM000+2520;20250409.025;7.0;0.5060240963855421;True;False;0.0;False;1;;;;
553;50209;OP23;KJM008+2520;20250402.063;4.0;0.5060240963855421;True;False;0.0;False;1;;;;
724;50209;OP23;KJM008+2520;20250403.022;13.0;0.5060240963855421;True;False;0.0;False;1;;;;
756;50209;OP23;KJM008+2520;20250403.025;7.0;0.5060240963855421;True;False;0.0;False;1;;;;
269;50209;OP23;DBM000+2520;20250409.055;19.0;0.5058823529411764;True;False;0.0;False;1;;;;
270;50209;OP23;DBM000+2520;20250409.062;1.0;0.5058823529411764;True;False;0.0;False;1;;;;
294;50209;OP23;DBM000+2520;20250409.046;4.0;0.5058823529411764;True;False;0.0;False;1;;;;
313;50209;OP23;DBM000+2520;20250409.048;7.0;0.5058823529411764;True;False;0.0;False;1;;;;
423;50209;OP23;KJM008+2520;20250402.028;4.0;0.5058823529411764;True;False;0.0;False;1;;;;
424;50209;OP23;KJM008+2520;20250402.028;7.0;0.5058823529411764;True;False;0.0;False;1;;;;
436;50209;OP23;KJM008+2520;20250402.048;1.0;0.5058823529411764;True;False;0.0;False;1;4.35e+18;3.3e+18;6.45;8.57
613;50209;OP23;KJM008+2520;20250402.038;4.0;0.5058823529411764;True;False;0.0;False;1;;;;
616;50209;OP23;KJM008+2520;20250402.038;13.0;0.5058823529411764;True;False;0.0;False;1;;;;
235;50209;OP23;DBM000+2520;20250409.021;7.0;0.5057471264367817;True;False;0.0;False;1;;;;
278;50209;OP23;DBM000+2520;20250409.053;9.0;0.5057471264367817;True;False;0.0;False;1;;;;
346;50209;OP23;DBM000+2520;20250409.029;4.0;0.5057471264367817;True;False;0.0;False;1;;;;
347;50209;OP23;DBM000+2520;20250409.029;7.0;0.5057471264367817;True;False;0.0;False;1;;;;
433;50209;OP23;KJM008+2520;20250402.044;12.8;0.5057471264367817;True;False;0.0;False;1;0.0;;8.88;
461;50209;OP23;KJM008+2520;20250402.078;11.0;0.5057471264367817;True;False;0.0;False;1;;;;
517;50209;OP23;KJM008+2520;20250402.064;5.0;0.5057471264367817;True;False;0.0;False;1;;;;
561;50209;OP23;KJM008+2520;20250402.041;8.8;0.5057471264367817;True;False;0.0;False;1;;;;
580;50209;OP23;KJM008+2520;20250402.040;1.0;0.5057471264367817;True;False;0.0;False;1;;;;
595;50209;OP23;KJM008+2520;20250402.039;20.0;0.5057471264367817;True;False;0.0;False;1;;;;
692;50209;OP23;KJM008+2520;20250403.021;13.0;0.5057471264367817;True;False;0.0;False;1;;;;
226;50209;OP23;DBM000+2520;20250409.016;7.0;0.5056179775280899;True;False;0.0;False;1;;;;
284;50209;OP23;DBM000+2520;20250409.053;23.0;0.5056179775280899;True;False;0.0;False;1;;;;
298;50209;OP23;DBM000+2520;20250409.023;4.0;0.5056179775280899;True;False;0.0;False;1;;;;
441;50209;OP23;KJM008+2520;20250402.051;1.0;0.5056179775280899;True;False;0.0;False;1;;;;
558;50209;OP23;KJM008+2520;20250402.046;12.8;0.5056179775280899;True;False;0.0;False;1;;;;
563;50209;OP23;KJM008+2520;20250402.065;1.0;0.5056179775280899;True;False;0.0;False;1;;;;
717;50209;OP23;KJM008+2520;20250403.026;16.0;0.5056179775280899;True;False;0.0;False;1;;;;
366;50209;OP23;DBM000+2520;20250409.033;1.0;0.5054945054945055;True;False;0.0;False;1;;;;
397;50209;OP23;DBM000+2520;20250409.068;10.2;0.5054945054945055;True;False;0.0;False;1;;;;
537;50209;OP23;KJM008+2520;20250402.030;13.0;0.5054945054945055;True;False;0.0;False;1;;;;
543;50209;OP23;KJM008+2520;20250402.027;7.0;0.5054945054945055;True;False;0.0;False;1;;;;
670;50209;OP23;KJM008+2520;20250403.016;18.0;0.5054945054945055;True;False;0.0;False;1;;;;
754;50209;OP23;KJM008+2520;20250403.025;1.0;0.5054945054945055;True;False;0.0;False;1;;;;
224;50209;OP23;DBM000+2520;20250409.016;1.0;0.5053763440860215;True;False;0.0;False;1;;;;
317;50209;OP23;DBM000+2520;20250409.045;7.0;0.5053763440860215;True;False;0.0;False;1;;;;
458;50209;OP23;KJM008+2520;20250402.078;2.0;0.5053763440860215;True;False;0.0;False;1;;;;
459;50209;OP23;KJM008+2520;20250402.078;5.0;0.5053763440860215;True;False;0.0;False;1;;;;
470;50209;OP23;KJM008+2520;20250402.081;7.5;0.5053763440860215;True;False;0.0;False;1;;;;
545;50209;OP23;KJM008+2520;20250402.027;13.0;0.5053763440860215;True;False;0.0;False;1;;;;
335;50209;OP23;DBM000+2520;20250409.061;10.0;0.5052631578947369;True;False;0.0;False;1;;;;
733;50209;OP23;KJM008+2520;20250403.014;1.0;0.5052631578947369;True;False;0.0;False;1;;;;
250;50209;OP23;DBM000+2520;20250409.050;5.0;0.5051546391752577;True;False;0.0;False;1;;;;
393;50209;OP23;DBM000+2520;20250409.069;16.2;0.5051546391752577;True;False;0.0;False;1;;;;
394;50209;OP23;DBM000+2520;20250409.069;19.2;0.5051546391752577;True;False;0.0;False;1;;;;
644;50209;OP23;KJM008+2520;20250402.033;1.0;0.5050505050505051;True;False;0.0;False;1;;;;
655;50209;OP23;KJM008+2520;20250402.059;11.0;0.5050505050505051;True;False;0.0;False;1;;;;
383;50209;OP23;DBM000+2520;20250409.020;4.0;0.5048543689320388;True;False;0.0;False;1;;;;
605;50209;OP23;KJM008+2520;20250402.034;4.0;0.5042735042735043;True;False;0.0;False;1;;;;
219;50209;OP23;DBM000+2520;20250409.017;7.0;0.5;True;False;0.0;False;1;;;;
223;50209;OP23;DBM000+2520;20250409.018;7.0;0.5;True;False;0.0;False;1;;;;
231;50209;OP23;DBM000+2520;20250409.022;7.0;0.5;True;False;0.0;False;1;;;;
248;50209;OP23;DBM000+2520;20250409.050;1.0;0.5;True;False;0.0;False;1;;;;
257;50209;OP23;DBM000+2520;20250409.050;19.0;0.5;True;False;0.0;False;1;;;;
264;50209;OP23;DBM000+2520;20250409.055;4.0;0.5;True;False;0.0;False;1;;;;
281;50209;OP23;DBM000+2520;20250409.053;15.0;0.5;True;False;0.0;False;1;;;;
285;50209;OP23;DBM000+2520;20250409.053;26.0;0.5;True;False;0.0;False;1;;;;
293;50209;OP23;DBM000+2520;20250409.046;1.0;0.5;True;False;0.0;False;1;;;;
297;50209;OP23;DBM000+2520;20250409.023;1.0;0.5;True;False;0.0;False;1;;;;
311;50209;OP23;DBM000+2520;20250409.048;1.0;0.5;True;False;0.0;False;1;;;;
322;50209;OP23;DBM000+2520;20250409.043;1.0;0.5;True;False;0.0;False;1;;;;
327;50209;OP23;DBM000+2520;20250409.042;1.0;0.5;True;False;0.0;False;1;;;;
329;50209;OP23;DBM000+2520;20250409.042;7.0;0.5;True;False;0.0;False;1;;;;
342;50209;OP23;DBM000+2520;20250409.036;1.0;0.5;True;False;0.0;False;1;;;;
345;50209;OP23;DBM000+2520;20250409.029;1.0;0.5;True;False;0.0;False;1;;;;
362;50209;OP23;DBM000+2520;20250409.030;1.0;0.5;True;False;0.0;False;1;;;;
371;50209;OP23;DBM000+2520;20250409.028;1.0;0.5;True;False;0.0;False;1;;;;
377;50209;OP23;DBM000+2520;20250409.026;1.0;0.5;True;False;0.0;False;1;;;;
378;50209;OP23;DBM000+2520;20250409.026;4.0;0.5;True;False;0.0;False;1;;;;
385;50209;OP23;DBM000+2520;20250409.020;10.0;0.5;True;False;0.0;False;1;;;;
389;50209;OP23;DBM000+2520;20250409.069;4.2;0.5;True;False;0.0;False;1;;;;
395;50209;OP23;DBM000+2520;20250409.068;4.2;0.5;True;False;0.0;False;1;;;;
428;50209;OP23;KJM008+2520;20250402.037;0.8;0.5;True;False;0.0;False;1;;;;
431;50209;OP23;KJM008+2520;20250402.044;4.8;0.5;True;False;0.0;False;1;0.0;;81.06;53.31
443;50209;OP23;KJM008+2520;20250402.051;7.0;0.5;True;False;0.0;False;1;0.0;;82.69;59.1
455;50209;OP23;KJM008+2520;20250402.077;8.0;0.5;True;False;0.0;False;1;;;;
465;50209;OP23;KJM008+2520;20250402.080;8.0;0.5;True;False;0.0;False;1;;;;
512;50209;OP23;KJM008+2520;20250402.074;5.0;0.5;True;False;0.0;False;1;;;;
519;50209;OP23;KJM008+2520;20250402.064;11.0;0.5;True;False;0.0;False;1;;;;
533;50209;OP23;KJM008+2520;20250402.030;1.0;0.5;True;False;0.0;False;1;;;;
548;50209;OP23;KJM008+2520;20250402.027;20.0;0.5;True;False;0.0;False;1;;;;
572;50209;OP23;KJM008+2520;20250402.043;1.0;0.5;True;False;0.0;False;1;;;;
575;50209;OP23;KJM008+2520;20250402.043;10.0;0.5;True;False;0.0;False;1;;;;
591;50209;OP23;KJM008+2520;20250402.039;10.0;0.5;True;False;0.0;False;1;;;;
594;50209;OP23;KJM008+2520;20250402.039;18.0;0.5;True;False;0.0;False;1;;;;
676;50209;OP23;KJM008+2520;20250403.020;13.0;0.5;True;False;0.0;False;1;;;;
688;50209;OP23;KJM008+2520;20250403.021;1.0;0.5;True;False;0.0;False;1;;;;
701;50209;OP23;KJM008+2520;20250403.018;16.0;0.5;True;False;0.0;False;1;;;;
707;50209;OP23;KJM008+2520;20250403.017;10.0;0.5;True;False;0.0;False;1;;;;
710;50209;OP23;KJM008+2520;20250403.017;18.0;0.5;True;False;0.0;False;1;;;;
715;50209;OP23;KJM008+2520;20250403.026;10.0;0.5;True;False;0.0;False;1;;;;
718;50209;OP23;KJM008+2520;20250403.026;18.0;0.5;True;False;0.0;False;1;;;;
722;50209;OP23;KJM008+2520;20250403.022;7.0;0.5;True;False;0.0;False;1;;;;
723;50209;OP23;KJM008+2520;20250403.022;10.0;0.5;True;False;0.0;False;1;;;;
732;50209;OP23;KJM008+2520;20250403.015;13.0;0.5;True;False;0.0;False;1;;;;
741;50209;OP23;KJM008+2520;20250403.023;10.0;0.5;True;False;0.0;False;1;;;;
742;50209;OP23;KJM008+2520;20250403.023;13.0;0.5;True;False;0.0;False;1;;;;
743;50209;OP23;KJM008+2520;20250403.023;16.0;0.5;True;False;0.0;False;1;;;;
748;50209;OP23;KJM008+2520;20250403.024;7.0;0.5;True;False;0.0;False;1;;;;
749;50209;OP23;KJM008+2520;20250403.024;10.0;0.5;True;False;0.0;False;1;;;;
246;50209;OP23;DBM000+2520;20250409.052;7.0;0.49504950495049505;True;False;0.0;False;1;;;;
731;50209;OP23;KJM008+2520;20250403.015;10.0;0.494949494949495;True;False;0.0;False;1;;;;
315;50209;OP23;DBM000+2520;20250409.045;1.0;0.4946236559139785;True;False;0.0;False;1;;;;
453;50209;OP23;KJM008+2520;20250402.077;2.0;0.4946236559139785;True;False;0.0;False;1;;;;
581;50209;OP23;KJM008+2520;20250402.040;4.0;0.4946236559139785;True;False;0.0;False;1;;;;
606;50209;OP23;KJM008+2520;20250402.034;7.0;0.4946236559139785;True;False;0.0;False;1;;;;
237;50209;OP23;DBM000+2520;20250409.056;1.0;0.4945054945054945;True;False;0.0;False;1;;;;
471;50209;OP23;KJM008+2520;20250402.079;2.0;0.4945054945054945;True;False;0.0;False;1;;;;
541;50209;OP23;KJM008+2520;20250402.027;1.0;0.4945054945054945;True;False;0.0;False;1;;;;
700;50209;OP23;KJM008+2520;20250403.018;13.0;0.4945054945054945;True;False;0.0;False;1;;;;
272;50209;OP23;DBM000+2520;20250409.062;7.0;0.4943820224719101;True;False;0.0;False;1;;;;
304;50209;OP23;DBM000+2520;20250409.058;4.0;0.4943820224719101;True;False;0.0;False;1;;;;
306;50209;OP23;DBM000+2520;20250409.058;10.0;0.4943820224719101;True;False;0.0;False;1;;;;
466;50209;OP23;KJM008+2520;20250402.080;11.0;0.4943820224719101;True;False;0.0;False;1;;;;
523;50209;OP23;KJM008+2520;20250402.075;8.0;0.4943820224719101;True;False;0.0;False;1;;;;
705;50209;OP23;KJM008+2520;20250403.017;4.0;0.4943820224719101;True;False;0.0;False;1;;;;
229;50209;OP23;DBM000+2520;20250409.022;1.0;0.4942528735632184;True;False;0.0;False;1;;;;
232;50209;OP23;DBM000+2520;20250409.022;9.0;0.4942528735632184;True;False;0.0;False;1;;;;
233;50209;OP23;DBM000+2520;20250409.021;1.0;0.4942528735632184;True;False;0.0;False;1;;;;
286;50209;OP23;DBM000+2520;20250409.053;29.0;0.4942528735632184;True;False;0.0;False;1;;;;
324;50209;OP23;DBM000+2520;20250409.043;7.0;0.4942528735632184;True;False;0.0;False;1;;;;
359;50209;OP23;DBM000+2520;20250409.035;4.0;0.4942528735632184;True;False;0.0;False;1;;;;
435;50209;OP23;KJM008+2520;20250402.047;4.8;0.4942528735632184;True;False;0.0;False;1;;;;
520;50209;OP23;KJM008+2520;20250402.064;14.0;0.4942528735632184;True;False;0.0;False;1;;;;
538;50209;OP23;KJM008+2520;20250402.030;16.0;0.4942528735632184;True;False;0.0;False;1;;;;
589;50209;OP23;KJM008+2520;20250402.039;4.0;0.4942528735632184;True;False;0.0;False;1;;;;
592;50209;OP23;KJM008+2520;20250402.039;13.0;0.4942528735632184;True;False;0.0;False;1;;;;
612;50209;OP23;KJM008+2520;20250402.038;1.0;0.4942528735632184;True;False;0.0;False;1;;;;
706;50209;OP23;KJM008+2520;20250403.017;7.0;0.4942528735632184;True;False;0.0;False;1;;;;
236;50209;OP23;DBM000+2520;20250409.021;9.0;0.49411764705882355;True;False;0.0;False;1;;;;
265;50209;OP23;DBM000+2520;20250409.055;7.0;0.49411764705882355;True;False;0.0;False;1;;;;
287;50209;OP23;DBM000+2520;20250409.053;32.0;0.49411764705882355;True;False;0.0;False;1;;;;
319;50209;OP23;DBM000+2520;20250409.040;1.0;0.49411764705882355;True;False;0.0;False;1;;;;
373;50209;OP23;DBM000+2520;20250409.028;7.0;0.49411764705882355;True;False;0.0;False;1;;;;
464;50209;OP23;KJM008+2520;20250402.080;5.0;0.49411764705882355;True;False;0.0;False;1;;;;
762;50209;OP23;KJM008+2520;20250402.068;1.0;0.49411764705882355;True;False;0.0;False;1;;;;
296;50209;OP23;DBM000+2520;20250409.046;9.0;0.4939759036144578;True;False;0.0;False;1;;;;
302;50209;OP23;DBM000+2520;20250409.041;7.0;0.4939759036144578;True;False;0.0;False;1;;;;
307;50209;OP23;DBM000+2520;20250409.057;1.0;0.4939759036144578;True;False;0.0;False;1;;;;
422;50209;OP23;KJM008+2520;20250402.028;1.0;0.4939759036144578;True;False;0.0;False;1;;;;
582;50209;OP23;KJM008+2520;20250402.040;7.0;0.4939759036144578;True;False;0.0;False;1;;;;
659;50209;OP23;KJM008+2520;20250402.067;1.0;0.4939759036144578;True;False;0.0;False;1;;;;
726;50209;OP23;KJM008+2520;20250403.022;18.0;0.4939759036144578;True;False;0.0;False;1;;;;
452;50209;OP23;KJM008+2520;20250402.072;2.0;0.4928571428571429;True;False;0.0;False;1;;;;
426;50209;OP23;KJM008+2520;20250402.028;13.0;0.4921875;True;False;0.0;False;1;;;;
349;50209;OP23;DBM000+2520;20250409.038;4.0;0.48936170212765956;True;False;0.0;False;1;;;;
472;50209;OP23;KJM008+2520;20250402.079;5.0;0.48936170212765956;True;False;0.0;False;1;;;;
514;50209;OP23;KJM008+2520;20250402.074;11.0;0.48936170212765956;True;False;0.0;False;1;;;;
680;50209;OP23;KJM008+2520;20250403.019;1.0;0.48936170212765956;True;False;0.0;False;1;;;;
704;50209;OP23;KJM008+2520;20250403.017;1.0;0.48936170212765956;True;False;0.0;False;1;;;;
321;50209;OP23;DBM000+2520;20250409.040;7.0;0.4891304347826087;True;False;0.0;False;1;;;;
448;50209;OP23;KJM008+2520;20250402.062;5.0;0.4891304347826087;True;False;0.0;False;1;;;;
611;50209;OP23;KJM008+2520;20250402.034;20.0;0.4891304347826087;True;False;0.0;False;1;;;;
656;50209;OP23;KJM008+2520;20250402.059;14.0;0.4891304347826087;True;False;0.0;False;1;;;;
254;50209;OP23;DBM000+2520;20250409.050;13.0;0.4888888888888889;True;False;0.0;False;1;;;;
283;50209;OP23;DBM000+2520;20250409.053;19.0;0.4888888888888889;True;False;0.0;False;1;;;;
312;50209;OP23;DBM000+2520;20250409.048;4.0;0.4888888888888889;True;False;0.0;False;1;;;;
338;50209;OP23;DBM000+2520;20250409.027;7.0;0.4888888888888889;True;False;0.0;False;1;3.63e+18;8.2e+17;6.84;2.66
380;50209;OP23;DBM000+2520;20250409.026;10.0;0.4888888888888889;True;False;0.0;False;1;;;;
418;50209;OP23;KJM008+2520;20250402.032;0.8;0.4888888888888889;True;False;0.0;False;1;;;;
434;50209;OP23;KJM008+2520;20250402.047;0.8;0.4888888888888889;True;False;0.0;False;1;;;;
576;50209;OP23;KJM008+2520;20250402.043;13.0;0.4888888888888889;True;False;0.0;False;1;;;;
220;50209;OP23;DBM000+2520;20250409.017;10.0;0.48863636363636365;True;False;0.0;False;1;;;;
256;50209;OP23;DBM000+2520;20250409.050;17.0;0.48863636363636365;True;False;0.0;False;1;;;;
290;50209;OP23;DBM000+2520;20250409.047;4.0;0.48863636363636365;True;False;0.0;False;1;;;;
291;50209;OP23;DBM000+2520;20250409.047;7.0;0.48863636363636365;True;False;0.0;False;1;;;;
336;50209;OP23;DBM000+2520;20250409.027;1.0;0.48863636363636365;True;False;0.0;False;1;;;;
358;50209;OP23;DBM000+2520;20250409.035;1.0;0.48863636363636365;True;False;0.0;False;1;;;;
460;50209;OP23;KJM008+2520;20250402.078;8.0;0.48863636363636365;True;False;0.0;False;1;;;;
540;50209;OP23;KJM008+2520;20250402.030;20.0;0.48863636363636365;True;False;0.0;False;1;;;;
552;50209;OP23;KJM008+2520;20250402.063;1.0;0.48863636363636365;True;False;0.0;False;1;;;;
554;50209;OP23;KJM008+2520;20250402.063;7.5;0.48863636363636365;True;False;0.0;False;1;;;;
586;50209;OP23;KJM008+2520;20250402.040;18.0;0.48863636363636365;True;False;0.0;False;1;;;;
588;50209;OP23;KJM008+2520;20250402.039;1.0;0.48863636363636365;True;False;0.0;False;1;;;;
647;50209;OP23;KJM008+2520;20250402.033;10.0;0.48863636363636365;True;False;0.0;False;1;;;;
240;50209;OP23;DBM000+2520;20250409.056;10.0;0.4883720930232558;True;False;0.0;False;1;;;;
288;50209;OP23;DBM000+2520;20250409.053;34.0;0.4883720930232558;True;False;0.0;False;1;;;;
355;50209;OP23;DBM000+2520;20250409.032;1.0;0.4883720930232558;True;False;0.0;False;1;;;;
372;50209;OP23;DBM000+2520;20250409.028;4.0;0.4883720930232558;True;False;0.0;False;1;;;;
442;50209;OP23;KJM008+2520;20250402.051;4.0;0.4883720930232558;True;False;0.0;False;1;;;;
539;50209;OP23;KJM008+2520;20250402.030;18.0;0.4883720930232558;True;False;0.0;False;1;;;;
547;50209;OP23;KJM008+2520;20250402.027;18.0;0.4883720930232558;True;False;0.0;False;1;;;;
604;50209;OP23;KJM008+2520;20250402.034;1.0;0.4883720930232558;True;False;0.0;False;1;;;;
662;50209;OP23;KJM008+2520;20250402.060;4.0;0.4883720930232558;True;False;0.0;False;1;;;;
684;50209;OP23;KJM008+2520;20250403.019;13.0;0.4883720930232558;True;False;0.0;False;1;;;;
693;50209;OP23;KJM008+2520;20250403.021;16.0;0.4883720930232558;True;False;0.0;False;1;;;;
292;50209;OP23;DBM000+2520;20250409.047;9.0;0.4880952380952381;True;False;0.0;False;1;;;;
330;50209;OP23;DBM000+2520;20250409.042;10.0;0.4880952380952381;True;False;0.0;False;1;;;;
677;50209;OP23;KJM008+2520;20250403.020;16.0;0.4880952380952381;True;False;0.0;False;1;;;;
273;50209;OP23;DBM000+2520;20250409.062;10.0;0.4878048780487805;True;False;0.0;False;1;;;;
391;50209;OP23;DBM000+2520;20250409.069;10.2;0.48484848484848486;True;False;0.0;False;1;;;;
430;50209;OP23;KJM008+2520;20250402.044;0.8;0.48484848484848486;True;False;0.0;False;1;;;;
262;50209;OP23;DBM000+2520;20250409.050;34.0;0.4842105263157895;True;False;0.0;False;1;;;;
432;50209;OP23;KJM008+2520;20250402.044;8.8;0.4838709677419355;True;False;0.0;False;1;0.0;;72.87;48.82
557;50209;OP23;KJM008+2520;20250402.046;8.8;0.4838709677419355;True;False;0.0;False;1;;;;
277;50209;OP23;DBM000+2520;20250409.053;7.0;0.4835164835164835;True;False;0.0;False;1;;;;
280;50209;OP23;DBM000+2520;20250409.053;13.0;0.4835164835164835;True;False;0.0;False;1;;;;
467;50209;OP23;KJM008+2520;20250402.080;14.0;0.4835164835164835;True;False;0.0;False;1;;;;
469;50209;OP23;KJM008+2520;20250402.081;4.0;0.4835164835164835;True;False;0.0;False;1;;;;
511;50209;OP23;KJM008+2520;20250402.074;2.0;0.4835164835164835;True;False;0.0;False;1;;;;
556;50209;OP23;KJM008+2520;20250402.046;4.8;0.4835164835164835;True;False;0.0;False;1;;;;
566;50209;OP23;KJM008+2520;20250402.042;1.0;0.4835164835164835;True;False;0.0;False;1;1.14e+18;;8.44;
360;50209;OP23;DBM000+2520;20250409.035;7.0;0.48314606741573035;True;False;0.0;False;1;;;;
506;50209;OP23;KJM008+2520;20250402.071;2.0;0.48314606741573035;True;False;0.0;False;1;;;;
564;50209;OP23;KJM008+2520;20250402.065;4.0;0.48314606741573035;True;False;0.0;False;1;;;;
668;50209;OP23;KJM008+2520;20250403.016;13.0;0.48314606741573035;True;False;0.0;False;1;;;;
755;50209;OP23;KJM008+2520;20250403.025;4.0;0.48314606741573035;True;False;0.0;False;1;;;;
747;50209;OP23;KJM008+2520;20250403.024;4.0;0.4827586206896552;True;False;0.0;False;1;;;;
759;50209;OP23;KJM008+2520;20250403.025;16.0;0.4827586206896552;True;False;0.0;False;1;;;;
326;50209;OP23;DBM000+2520;20250409.043;13.0;0.4823529411764706;True;False;0.0;False;1;;;;
374;50209;OP23;DBM000+2520;20250409.024;1.0;0.4823529411764706;True;False;0.0;False;1;;;;
560;50209;OP23;KJM008+2520;20250402.041;4.8;0.4823529411764706;True;False;0.0;False;1;3.83e+18;8.3e+17;8.06;2.95
577;50209;OP23;KJM008+2520;20250402.043;16.0;0.4823529411764706;True;False;0.0;False;1;;;;
617;50209;OP23;KJM008+2520;20250402.038;16.0;0.4823529411764706;True;False;0.0;False;1;;;;
714;50209;OP23;KJM008+2520;20250403.026;7.0;0.4823529411764706;True;False;0.0;False;1;;;;
263;50209;OP23;DBM000+2520;20250409.055;1.0;0.4819277108433735;True;False;0.0;False;1;;;;
675;50209;OP23;KJM008+2520;20250403.020;10.0;0.4819277108433735;True;False;0.0;False;1;;;;
720;50209;OP23;KJM008+2520;20250403.022;1.0;0.4819277108433735;True;False;0.0;False;1;;;;
451;50209;OP23;KJM008+2520;20250402.062;14.0;0.4810126582278481;True;False;0.0;False;1;;;;
419;50209;OP23;KJM008+2520;20250402.032;4.8;0.48026315789473684;True;False;0.0;False;1;;;;
222;50209;OP23;DBM000+2520;20250409.018;4.0;0.4787234042553192;True;False;0.0;False;1;;;;
439;50209;OP23;KJM008+2520;20250402.048;10.0;0.4785276073619632;True;False;0.0;False;1;;;;
440;50209;OP23;KJM008+2520;20250402.053;2.0;0.4785276073619632;True;False;0.0;False;1;;;;
305;50209;OP23;DBM000+2520;20250409.058;7.0;0.4777777777777778;True;False;0.0;False;1;;;;
712;50209;OP23;KJM008+2520;20250403.026;1.0;0.4777777777777778;True;False;0.0;False;1;;;;
217;50209;OP23;DBM000+2520;20250409.017;1.0;0.4772727272727273;True;False;0.0;False;1;;;;
279;50209;OP23;DBM000+2520;20250409.053;11.0;0.4772727272727273;True;False;0.0;False;1;;;;
375;50209;OP23;DBM000+2520;20250409.024;4.0;0.4772727272727273;True;False;0.0;False;1;;;;
456;50209;OP23;KJM008+2520;20250402.077;11.0;0.4772727272727273;True;False;0.0;False;1;;;;
570;50209;OP23;KJM008+2520;20250402.042;13.0;0.4772727272727273;True;False;0.0;False;1;0.0;;73.19;56.7
340;50209;OP23;DBM000+2520;20250409.031;4.0;0.47674418604651164;True;False;0.0;False;1;;;;
344;50209;OP23;DBM000+2520;20250409.036;7.0;0.47674418604651164;True;False;0.0;False;1;;;;
550;50209;OP23;KJM008+2520;20250402.061;4.0;0.47619047619047616;True;False;0.0;False;1;;;;
648;50209;OP23;KJM008+2520;20250402.033;13.0;0.47619047619047616;True;False;0.0;False;1;3.97e+18;1.07e+18;7.06;3.31
396;50209;OP23;DBM000+2520;20250409.068;7.199999999999999;0.47474747474747475;True;False;0.0;False;1;;;;
758;50209;OP23;KJM008+2520;20250403.025;13.0;0.47368421052631576;True;False;0.0;False;1;;;;
646;50209;OP23;KJM008+2520;20250402.033;7.0;0.4731182795698925;True;False;0.0;False;1;3.54e+18;1.02e+18;8.31;4.06
282;50209;OP23;DBM000+2520;20250409.053;17.0;0.4725274725274725;True;False;0.0;False;1;;;;
608;50209;OP23;KJM008+2520;20250402.034;13.0;0.4725274725274725;True;False;0.0;False;1;;;;
610;50209;OP23;KJM008+2520;20250402.034;18.0;0.4725274725274725;True;False;0.0;False;1;;;;
267;50209;OP23;DBM000+2520;20250409.055;13.0;0.47191011235955055;True;False;0.0;False;1;;;;
510;50209;OP23;KJM008+2520;20250402.071;14.0;0.47191011235955055;True;False;0.0;False;1;;;;
544;50209;OP23;KJM008+2520;20250402.027;10.0;0.47191011235955055;True;False;0.0;False;1;;;;
228;50209;OP23;DBM000+2520;20250409.016;13.0;0.47183098591549294;True;False;0.0;False;1;;;;
303;50209;OP23;DBM000+2520;20250409.058;1.0;0.47126436781609193;True;False;0.0;False;1;;;;
309;50209;OP23;DBM000+2520;20250409.057;7.0;0.47126436781609193;True;False;0.0;False;1;;;;
350;50209;OP23;DBM000+2520;20250409.038;7.0;0.47126436781609193;True;False;0.0;False;1;;;;
725;50209;OP23;KJM008+2520;20250403.022;16.0;0.47126436781609193;True;False;0.0;False;1;;;;
260;50209;OP23;DBM000+2520;20250409.050;29.0;0.47115384615384615;True;False;0.0;False;1;;;;
686;50209;OP23;KJM008+2520;20250403.019;18.0;0.47096774193548385;True;False;0.0;False;1;;;;
243;50209;OP23;DBM000+2520;20250409.056;19.0;0.47058823529411764;True;False;0.0;False;1;;;;
368;50209;OP23;DBM000+2520;20250409.033;7.0;0.47;True;False;0.0;False;1;;;;
258;50209;OP23;DBM000+2520;20250409.050;23.0;0.46875;True;False;0.0;False;1;;;;
367;50209;OP23;DBM000+2520;20250409.033;4.0;0.4673913043478261;True;False;0.0;False;1;;;;
593;50209;OP23;KJM008+2520;20250402.039;16.0;0.4673913043478261;True;False;0.0;False;1;;;;
682;50209;OP23;KJM008+2520;20250403.019;7.0;0.4673913043478261;True;False;0.0;False;1;;;;
421;50209;OP23;KJM008+2520;20250402.036;4.8;0.4666666666666667;True;False;0.0;False;1;;;;
681;50209;OP23;KJM008+2520;20250403.019;4.0;0.4666666666666667;True;False;0.0;False;1;;;;
242;50209;OP23;DBM000+2520;20250409.056;16.0;0.4652777777777778;True;False;0.0;False;1;;;;
382;50209;OP23;DBM000+2520;20250409.020;1.0;0.4636363636363636;True;False;0.0;False;1;;;;
546;50209;OP23;KJM008+2520;20250402.027;16.0;0.46236559139784944;True;False;0.0;False;1;;;;
370;50209;OP23;DBM000+2520;20250409.033;13.0;0.4552238805970149;True;False;0.0;False;1;;;;
445;50209;OP23;KJM008+2520;20250402.057;2.0;0.45;True;False;0.0;False;1;;;;
687;50209;OP23;KJM008+2520;20250403.019;20.0;0.4482758620689655;True;False;0.0;False;1;;;;
663;50209;OP23;KJM008+2520;20250402.060;7.5;0.445859872611465;True;False;0.0;False;1;;;;
685;50209;OP23;KJM008+2520;20250403.019;16.0;0.4154929577464789;True;False;0.0;False;1;;;;
56;50209;OP22;FTM004+2520;20241022.026;4.0;0.08421052631578947;True;False;0.0;False;1;;;;
73;50209;OP22;KJM008+2520;20241120.022;3.6;0.07058823529411765;True;False;0.0;False;1;;;;
90;50209;OP22;KJM008+2520;20241017.047;5.0;0.060240963855421686;True;False;0.0;False;1;;;;
57;50209;OP22;FTM004+2520;20241022.026;5.0;0.033707865168539325;True;False;0.0;False;1;;;;
187;50209;OP23;DBM000+2520;20250401.055;4.0;0.011363636363636364;True;False;0.0;False;1;3.22e+18;3e+16;28.79;0.53
