;dischargeID;maxNumberOfFailureIndicators;numberOfFailedPlunges;configuration;campaign
344;20241106.029;3;15;EHM001+2520;OP22
85;20241010.022;3;11;EJM013+2620;OP22
1611;20250408.053;1;11;EIM000+2520;OP23
704;20241128.068;3;10;EIM000+2520;OP22
1627;20250408.081;1;10;EIM000+2520;OP23
1626;20250408.080;1;10;EIM000+2520;OP23
1625;20250408.079;1;10;EIM000+2520;OP23
1613;20250408.057;1;10;EIM000+2520;OP23
1593;20250403.073;1;10;EIM000+2520;OP23
1589;20250403.069;1;10;EIM000+2520;OP23
1583;20250403.063;1;10;EIM000+2520;OP23
1606;20250408.043;3;8;EIM000+2520;OP23
974;20241212.021;3;8;EIM000+2520;OP22
973;20241212.020;3;8;EIM000+2520;OP22
934;20241211.023;3;8;AIM000+2520;OP22
932;20241211.021;3;8;AIM000+2520;OP22
417;20241112.081;3;8;EIM000+2614;OP22
414;20241112.077;3;8;EIM000+2614;OP22
413;20241112.076;3;8;EIM000+2614;OP22
84;20241010.020;3;8;EJM013+2620;OP22
1609;20250408.046;1;8;EIM000+2520;OP23
1570;20250403.046;1;8;EIM000+2520;OP23
1569;20250403.045;1;8;EIM000+2520;OP23
1567;20250403.043;1;8;EIM000+2520;OP23
1565;20250403.041;1;8;EIM000+2520;OP23
1558;20250403.034;1;8;EIM000+2520;OP23
1556;20250403.032;1;8;EIM000+2520;OP23
1555;20250403.031;1;8;EIM000+2520;OP23
1554;20250403.030;1;8;EIM000+2520;OP23
987;20241212.039;3;7;EIM000+2520;OP22
981;20241212.033;3;7;EIM000+2520;OP22
960;20241211.079;3;7;DIR001+2520;OP22
376;20241107.042;3;7;EHM004+2544;OP22
1600;20250403.080;1;7;EIM000+2520;OP23
1599;20250403.079;1;7;EIM000+2520;OP23
1598;20250403.078;1;7;EIM000+2520;OP23
1587;20250403.067;1;7;EIM000+2520;OP23
1562;20250403.038;1;7;EIM000+2520;OP23
1607;20250408.044;3;6;EIM000+2520;OP23
1090;20250226.064;3;6;DBM000-2520;OP23
965;20241212.010;3;6;EIM000+2520;OP22
959;20241211.077;3;6;DIR001+2520;OP22
635;20241127.040;3;6;EIM000+2520;OP22
399;20241112.062;3;6;EJM013+2620;OP22
398;20241112.061;3;6;EJM013+2620;OP22
397;20241112.060;3;6;EKM004+2620;OP22
393;20241112.056;3;6;EKM006+2620;OP22
392;20241112.055;3;6;EKM006+2620;OP22
181;20241023.064;3;6;EIM000+2520;OP22
1686;20250409.083;1;6;EIM000+2520;OP23
1684;20250409.081;1;6;EIM000+2520;OP23
1683;20250409.080;1;6;EIM000+2520;OP23
1623;20250408.076;1;6;EIM000+2520;OP23
1622;20250408.075;1;6;EIM000+2520;OP23
1582;20250403.062;1;6;EIM000+2520;OP23
1365;20250325.090;3;5;EIM000-2620;OP23
1094;20250226.072;3;5;DBM000-2520;OP23
961;20241211.080;3;5;DIR001+2520;OP22
623;20241127.027;3;5;EIM000+2520;OP22
406;20241112.069;3;5;EIM000+2614;OP22
402;20241112.065;3;5;EJM013+2620;OP22
401;20241112.064;3;5;EJM013+2620;OP22
400;20241112.063;3;5;EJM013+2620;OP22
396;20241112.059;3;5;EKM004+2620;OP22
343;20241106.028;3;5;EIM000+2520;OP22
310;20241105.054;3;5;EHM001+2520;OP22
305;20241105.049;3;5;EHM001+2520;OP22
300;20241105.043;3;5;EIM000+2520;OP22
298;20241105.040;3;5;EIM000+2520;OP22
296;20241105.038;3;5;EIM000+2520;OP22
294;20241105.036;3;5;EIM000+2520;OP22
288;20241105.030;3;5;EIM000+2520;OP22
287;20241105.029;3;5;EIM000+2520;OP22
286;20241105.028;3;5;EIM000+2520;OP22
165;20241023.040;3;5;EIM000+2520;OP22
1685;20250409.082;1;5;EIM000+2520;OP23
1621;20250408.073;1;5;EIM000+2520;OP23
1597;20250403.077;1;5;EIM000+2520;OP23
1595;20250403.075;1;5;EIM000+2520;OP23
1591;20250403.071;1;5;EIM000+2520;OP23
1588;20250403.068;1;5;EIM000+2520;OP23
1574;20250403.054;1;5;EIM000+2520;OP23
1573;20250403.053;1;5;EIM000+2520;OP23
1553;20250403.029;1;5;EIM000+2520;OP23
1552;20250403.028;1;5;EIM000+2520;OP23
1608;20250408.045;3;4;EIM000+2520;OP23
1471;20250401.086;3;4;DBM000+2520;OP23
1467;20250401.080;3;4;DBM000+2520;OP23
1465;20250401.077;3;4;DBM000+2520;OP23
1460;20250401.070;3;4;DBM000+2520;OP23
1459;20250401.069;3;4;DBM000+2520;OP23
1456;20250401.061;3;4;DBM000+2520;OP23
1260;20250313.019;3;4;EIM000-2520;OP23
1258;20250313.017;3;4;EIM000-2520;OP23
1125;20250304.086;3;4;EIM000-2520;OP23
1087;20250226.058;3;4;DBM000-2520;OP23
767;20241203.080;3;4;EIM000+2614;OP22
760;20241203.069;3;4;EIM000+2614;OP22
753;20241203.058;3;4;EIM000+2520;OP22
751;20241203.055;3;4;EIM000+2520;OP22
749;20241203.053;3;4;EIM000+2520;OP22
671;20241128.028;3;4;EIM000+2420;OP22
624;20241127.028;3;4;EIM000+2520;OP22
416;20241112.080;3;4;EIM000+2614;OP22
409;20241112.072;3;4;EIM000+2614;OP22
405;20241112.068;3;4;EIM000+2614;OP22
404;20241112.067;3;4;EIM000+2614;OP22
338;20241106.023;3;4;EIM000+2520;OP22
322;20241105.068;3;4;EIM000+2520;OP22
321;20241105.067;3;4;EIM000+2520;OP22
320;20241105.066;3;4;EIM000+2520;OP22
319;20241105.065;3;4;EIM000+2520;OP22
315;20241105.061;3;4;EIM000+2520;OP22
309;20241105.053;3;4;EHM001+2520;OP22
299;20241105.041;3;4;EIM000+2520;OP22
297;20241105.039;3;4;EIM000+2520;OP22
295;20241105.037;3;4;EIM000+2520;OP22
291;20241105.033;3;4;EIM000+2520;OP22
289;20241105.031;3;4;EIM000+2520;OP22
285;20241105.027;3;4;EIM000+2520;OP22
256;20241029.019;3;4;XIM001+2485;OP22
177;20241023.060;3;4;EIM000+2520;OP22
83;20241010.019;3;4;EJM013+2620;OP22
81;20241010.015;3;4;EJM013+2620;OP22
1620;20250408.071;2;4;EIM000+2520;OP23
1619;20250408.069;2;4;EIM000+2520;OP23
1624;20250408.078;1;4;EIM000+2520;OP23
1617;20250408.065;1;4;EIM000+2520;OP23
1614;20250408.059;1;4;EIM000+2520;OP23
1596;20250403.076;1;4;EIM000+2520;OP23
1495;20250402.042;1;4;KJM008+2520;OP23
1464;20250401.076;3;3;DBM000+2520;OP23
1461;20250401.072;3;3;DBM000+2520;OP23
1257;20250313.016;3;3;EIM000-2520;OP23
1163;20250306.023;3;3;EIM000-2520;OP23
1091;20250226.066;3;3;DBM000-2520;OP23
1089;20250226.062;3;3;DBM000-2520;OP23
962;20241211.082;3;3;DIR001+2520;OP22
958;20241211.076;3;3;DIR001+2520;OP22
949;20241211.041;3;3;AIM000+2520;OP22
948;20241211.039;3;3;AIM000+2520;OP22
947;20241211.038;3;3;AIM000+2520;OP22
946;20241211.037;3;3;AIM000+2520;OP22
937;20241211.026;3;3;AIM000+2520;OP22
930;20241211.019;3;3;AIM000+2520;OP22
929;20241211.018;3;3;AIM000+2520;OP22
762;20241203.071;3;3;EIM000+2614;OP22
759;20241203.068;3;3;EIM000+2614;OP22
756;20241203.064;3;3;EIM000+2614;OP22
754;20241203.060;3;3;EIM000+2614;OP22
750;20241203.054;3;3;EIM000+2520;OP22
576;20241126.009;3;3;EIM000+2520;OP22
555;20241121.046;3;3;EIM000+2520;OP22
410;20241112.073;3;3;EIM000+2614;OP22
304;20241105.048;3;3;EHM001+2520;OP22
303;20241105.047;3;3;EHM001+2520;OP22
292;20241105.034;3;3;EIM000+2520;OP22
290;20241105.032;3;3;EIM000+2520;OP22
261;20241029.025;3;3;XIM001+2485;OP22
255;20241029.018;3;3;XIM001+2485;OP22
254;20241029.017;3;3;XIM001+2485;OP22
253;20241029.016;3;3;XIM001+2485;OP22
204;20241024.024;3;3;EIM000+2520;OP22
179;20241023.062;3;3;EIM000+2520;OP22
166;20241023.042;3;3;EIM000+2520;OP22
164;20241023.038;3;3;EIM000+2520;OP22
161;20241023.034;3;3;EIM000+2520;OP22
1698;20250410.006;1;3;EIM000+2520;OP23
1618;20250408.067;1;3;EIM000+2520;OP23
1612;20250408.055;1;3;EIM000+2520;OP23
1610;20250408.051;1;3;EIM000+2520;OP23
1592;20250403.072;1;3;EIM000+2520;OP23
1580;20250403.060;1;3;EIM000+2520;OP23
1579;20250403.059;1;3;EIM000+2520;OP23
1578;20250403.058;1;3;EIM000+2520;OP23
1577;20250403.057;1;3;EIM000+2520;OP23
1576;20250403.056;1;3;EIM000+2520;OP23
1575;20250403.055;1;3;EIM000+2520;OP23
1572;20250403.052;1;3;EIM000+2520;OP23
1571;20250403.051;1;3;EIM000+2520;OP23
1568;20250403.044;1;3;EIM000+2520;OP23
1566;20250403.042;1;3;EIM000+2520;OP23
1564;20250403.040;1;3;EIM000+2520;OP23
1563;20250403.039;1;3;EIM000+2520;OP23
1560;20250403.036;1;3;EIM000+2520;OP23
1497;20250402.044;1;3;KJM008+2520;OP23
1468;20250401.081;3;2;DBM000+2520;OP23
1457;20250401.063;3;2;DBM000+2520;OP23
1448;20250401.050;3;2;DBM000+2520;OP23
1443;20250401.038;3;2;EIM000+2614;OP23
1432;20250401.014;3;2;EIM000+2520;OP23
1259;20250313.018;3;2;EIM000-2520;OP23
1251;20250313.009;3;2;EIM000-2520;OP23
1127;20250304.090;3;2;EIM000-2520;OP23
1122;20250304.083;3;2;EIM000-2520;OP23
1095;20250226.074;3;2;DBM000-2520;OP23
1092;20250226.068;3;2;DBM000-2520;OP23
1046;20250220.026;3;2;EIM000-2520;OP23
969;20241212.016;3;2;EIM000+2520;OP22
957;20241211.075;3;2;DIR001+2520;OP22
956;20241211.072;3;2;DIR001+2520;OP22
955;20241211.071;3;2;DIR001+2520;OP22
950;20241211.042;3;2;AIM000+2520;OP22
943;20241211.033;3;2;AIM000+2520;OP22
940;20241211.030;3;2;AIM000+2520;OP22
939;20241211.029;3;2;AIM000+2520;OP22
936;20241211.025;3;2;AIM000+2520;OP22
933;20241211.022;3;2;AIM000+2520;OP22
763;20241203.072;3;2;EIM000+2614;OP22
758;20241203.067;3;2;EIM000+2614;OP22
752;20241203.057;3;2;EIM000+2520;OP22
641;20241127.046;3;2;EIM000+2520;OP22
632;20241127.036;3;2;EIM000+2520;OP22
630;20241127.034;3;2;EIM000+2520;OP22
622;20241127.026;3;2;EIM000+2520;OP22
570;20241121.081;3;2;EIM000+2520;OP22
565;20241121.076;3;2;EIM000+2520;OP22
558;20241121.049;3;2;EIM000+2520;OP22
411;20241112.074;3;2;EIM000+2614;OP22
327;20241106.011;3;2;EIM004+2520;OP22
311;20241105.055;3;2;EIM000+2520;OP22
307;20241105.051;3;2;EHM001+2520;OP22
293;20241105.035;3;2;EIM000+2520;OP22
267;20241029.037;3;2;DIR001+2520;OP22
265;20241029.031;3;2;DIR001+2520;OP22
264;20241029.028;3;2;DIR001+2520;OP22
257;20241029.020;3;2;XIM001+2485;OP22
169;20241023.045;3;2;EIM000+2520;OP22
167;20241023.043;3;2;EIM000+2520;OP22
160;20241023.032;3;2;EIM000+2520;OP22
158;20241023.030;3;2;EIM000+2520;OP22
1559;20250403.035;2;2;EIM000+2520;OP23
724;20241203.007;2;2;EIM000+2520;OP22
1751;20250424.050;1;2;EIM000+2614;OP23
1616;20250408.063;1;2;EIM000+2520;OP23
1615;20250408.061;1;2;EIM000+2520;OP23
1594;20250403.074;1;2;EIM000+2520;OP23
1584;20250403.064;1;2;EIM000+2520;OP23
1487;20250402.033;1;2;KJM008+2520;OP23
151;20241023.020;1;2;EIM000+2520;OP22
1470;20250401.084;3;1;DBM000+2520;OP23
1469;20250401.083;3;1;DBM000+2520;OP23
1445;20250401.040;3;1;EIM000+2614;OP23
1444;20250401.039;3;1;EIM000+2614;OP23
1439;20250401.033;3;1;EIM000+2614;OP23
1437;20250401.027;3;1;EIM000+2614;OP23
1436;20250401.026;3;1;EIM000+2614;OP23
1435;20250401.025;3;1;EIM000+2614;OP23
1434;20250401.016;3;1;EIM000+2520;OP23
1433;20250401.015;3;1;EIM000+2520;OP23
1426;20250327.068;3;1;EIM000-1800;OP23
1256;20250313.015;3;1;EIM000-2520;OP23
1121;20250304.082;3;1;EIM000-2520;OP23
1088;20250226.060;3;1;DBM000-2520;OP23
1053;20250220.040;3;1;EIM000-2520;OP23
1040;20250220.013;3;1;EIM000-2520;OP23
1039;20250220.012;3;1;EIM000-2520;OP23
1003;20241212.061;3;1;EIM000+2520;OP22
1002;20241212.060;3;1;EIM000+2520;OP22
944;20241211.035;3;1;AIM000+2520;OP22
942;20241211.032;3;1;AIM000+2520;OP22
941;20241211.031;3;1;AIM000+2520;OP22
928;20241211.017;3;1;AIM000+2520;OP22
927;20241211.016;3;1;AIM000+2520;OP22
920;20241211.006;3;1;AIM000+2520;OP22
910;20241210.091;3;1;EIM000+2520;OP22
768;20241203.081;3;1;EIM000+2614;OP22
766;20241203.076;3;1;EIM000+2614;OP22
764;20241203.073;3;1;EIM000+2614;OP22
757;20241203.065;3;1;EIM000+2614;OP22
747;20241203.045;3;1;EIM000+2520;OP22
742;20241203.036;3;1;EIM000+2520;OP22
741;20241203.035;3;1;EIM000+2520;OP22
740;20241203.034;3;1;EIM000+2520;OP22
738;20241203.032;3;1;EIM000+2520;OP22
643;20241127.048;3;1;EIM000+2520;OP22
642;20241127.047;3;1;EIM000+2520;OP22
634;20241127.039;3;1;EIM000+2520;OP22
625;20241127.029;3;1;EIM000+2520;OP22
617;20241127.019;3;1;EIM000+2520;OP22
616;20241127.018;3;1;EIM000+2520;OP22
579;20241126.012;3;1;EIM000+2520;OP22
575;20241126.008;3;1;EIM000+2520;OP22
574;20241126.007;3;1;EIM000+2520;OP22
569;20241121.080;3;1;EIM000+2520;OP22
567;20241121.078;3;1;EIM000+2520;OP22
557;20241121.048;3;1;EIM000+2520;OP22
525;20241121.014;3;1;EIM000+2520;OP22
510;20241119.089;3;1;EIM000+2614;OP22
504;20241119.072;3;1;EIM000+2614;OP22
502;20241119.068;3;1;EIM000+2614;OP22
498;20241119.062;3;1;EIM000+2614;OP22
489;20241119.039;3;1;EIM000+2520;OP22
482;20241119.021;3;1;EIM000+2520;OP22
481;20241119.020;3;1;EIM000+2520;OP22
480;20241119.014;3;1;EIM000+2520;OP22
456;20241114.022;3;1;FTM004+2585;OP22
415;20241112.078;3;1;EIM000+2614;OP22
412;20241112.075;3;1;EIM000+2614;OP22
408;20241112.071;3;1;EIM000+2614;OP22
395;20241112.058;3;1;EKM004+2620;OP22
394;20241112.057;3;1;EKM004+2620;OP22
380;20241112.017;3;1;KJM008+2620;OP22
373;20241107.035;3;1;EHM006+2556;OP22
372;20241107.026;3;1;EHM006+2556;OP22
371;20241107.024;3;1;EHM006+2556;OP22
364;20241106.052;3;1;DBM000+2520;OP22
316;20241105.062;3;1;EIM000+2520;OP22
314;20241105.060;3;1;EIM000+2520;OP22
312;20241105.057;3;1;EIM000+2520;OP22
284;20241105.026;3;1;EIM000+2520;OP22
283;20241105.024;3;1;EIM000+2520;OP22
280;20241105.021;3;1;EIM000+2520;OP22
268;20241029.039;3;1;DIR001+2520;OP22
260;20241029.024;3;1;XIM001+2485;OP22
184;20241023.067;3;1;EIM000+2520;OP22
168;20241023.044;3;1;EIM000+2520;OP22
162;20241023.035;3;1;EIM000+2520;OP22
93;20241010.041;3;1;EIM000+2520;OP22
82;20241010.017;3;1;EJM013+2620;OP22
80;20241010.014;3;1;EJM013+2620;OP22
49;20241001.060;3;1;KJM008+2520;OP22
39;20241001.025;3;1;KJM001+2650;OP22
32;20241001.009;3;1;KJM001+2650;OP22
203;20241024.023;2;1;EIM000+2520;OP22
199;20241024.019;2;1;EIM000+2520;OP22
154;20241023.024;2;1;EIM000+2520;OP22
40;20241001.026;2;1;KJM001+2650;OP22
38;20241001.021;2;1;KJM001+2650;OP22
1790;20250514.022;1;1;EIM000+2520;OP23
1697;20250410.005;1;1;EIM000+2520;OP23
1687;20250409.085;1;1;EIM000+2520;OP23
1557;20250403.033;1;1;EIM000+2520;OP23
1501;20250402.051;1;1;KJM008+2520;OP23
1030;20250218.085;1;1;EIM000-2520;OP23
41;20241001.028;1;1;KJM001+2650;OP22
1463;20250401.075;2;0;DBM000+2520;OP23
1462;20250401.074;2;0;DBM000+2520;OP23
1458;20250401.065;2;0;DBM000+2520;OP23
1455;20250401.060;2;0;DBM000+2520;OP23
1454;20250401.059;2;0;DBM000+2520;OP23
1453;20250401.058;2;0;DBM000+2520;OP23
1452;20250401.057;2;0;DBM000+2520;OP23
1450;20250401.053;2;0;DBM000+2520;OP23
1449;20250401.052;2;0;DBM000+2520;OP23
1430;20250401.012;2;0;EIM000+2520;OP23
1294;20250318.066;2;0;EIM000-1800;OP23
1293;20250318.065;2;0;EIM000-1800;OP23
1162;20250306.015;2;0;EIM000-2520;OP23
1161;20250306.014;2;0;EIM000-2520;OP23
1160;20250306.013;2;0;EIM000-2520;OP23
1159;20250306.012;2;0;EIM000-2520;OP23
1158;20250306.011;2;0;EIM000-2520;OP23
1157;20250306.009;2;0;EIM000-2520;OP23
1126;20250304.089;2;0;EIM000-2520;OP23
1120;20250304.081;2;0;EIM000-2520;OP23
1076;20250226.038;2;0;DBM000-2520;OP23
1060;20250225.049;2;0;EIM000-2520;OP23
1043;20250220.017;2;0;EIM000-2520;OP23
1001;20241212.059;2;0;EIM000+2520;OP22
997;20241212.053;2;0;EIM000+2520;OP22
951;20241211.049;2;0;DIR001+2520;OP22
945;20241211.036;2;0;AIM000+2520;OP22
926;20241211.015;2;0;AIM000+2520;OP22
765;20241203.074;2;0;EIM000+2614;OP22
761;20241203.070;2;0;EIM000+2614;OP22
743;20241203.038;2;0;EIM000+2520;OP22
736;20241203.030;2;0;EIM000+2520;OP22
735;20241203.029;2;0;EIM000+2520;OP22
734;20241203.028;2;0;EIM000+2520;OP22
733;20241203.027;2;0;EIM000+2520;OP22
629;20241127.033;2;0;EIM000+2520;OP22
626;20241127.030;2;0;EIM000+2520;OP22
613;20241127.008;2;0;EIM000+2520;OP22
584;20241126.020;2;0;EIM000+2520;OP22
578;20241126.011;2;0;EIM000+2520;OP22
573;20241126.006;2;0;EIM000+2520;OP22
556;20241121.047;2;0;EIM000+2520;OP22
383;20241112.023;2;0;KJM008+2620;OP22
369;20241106.057;2;0;DBM000+2520;OP22
368;20241106.056;2;0;DBM000+2520;OP22
367;20241106.055;2;0;DBM000+2520;OP22
366;20241106.054;2;0;DBM000+2520;OP22
365;20241106.053;2;0;DBM000+2520;OP22
363;20241106.051;2;0;DBM000+2520;OP22
362;20241106.050;2;0;DBM000+2520;OP22
282;20241105.023;2;0;EIM000+2520;OP22
281;20241105.022;2;0;EIM000+2520;OP22
279;20241105.020;2;0;EIM000+2520;OP22
277;20241105.018;2;0;EIM000+2520;OP22
276;20241105.017;2;0;EIM000+2520;OP22
272;20241105.011;2;0;EIM000+2520;OP22
266;20241029.035;2;0;DIR001+2520;OP22
259;20241029.023;2;0;XIM001+2485;OP22
258;20241029.022;2;0;XIM001+2485;OP22
252;20241029.015;2;0;XIM001+2485;OP22
250;20241029.012;2;0;XIM001+2485;OP22
249;20241029.011;2;0;XIM001+2485;OP22
209;20241024.034;2;0;EIM000+2520;OP22
208;20241024.033;2;0;EIM000+2520;OP22
206;20241024.029;2;0;EIM000+2520;OP22
178;20241023.061;2;0;EIM000+2520;OP22
156;20241023.027;2;0;EIM000+2520;OP22
153;20241023.022;2;0;EIM000+2520;OP22
96;20241010.044;2;0;EIM000+2520;OP22
94;20241010.042;2;0;EIM000+2520;OP22
92;20241010.040;2;0;EIM000+2520;OP22
91;20241010.039;2;0;EIM000+2520;OP22
90;20241010.038;2;0;EIM000+2520;OP22
89;20241010.037;2;0;EIM000+2520;OP22
88;20241010.036;2;0;EIM000+2520;OP22
86;20241010.033;2;0;EIM000+2520;OP22
77;20241010.008;2;0;EKM006+2620;OP22
75;20241010.006;2;0;EKM006+2620;OP22
74;20241010.005;2;0;EKM006+2620;OP22
47;20241001.058;2;0;KJM008+2520;OP22
37;20241001.020;2;0;KJM001+2650;OP22
13;20240926.007;2;0;EIM000+2520;OP22
10;20240925.060;2;0;EJM007+2520;OP22
1646;20250409.027;1;0;DBM000+2520;OP23
1500;20250402.048;1;0;KJM008+2520;OP23
1498;20250402.046;1;0;KJM008+2520;OP23
1494;20250402.041;1;0;KJM008+2520;OP23
1466;20250401.079;1;0;DBM000+2520;OP23
1451;20250401.055;1;0;DBM000+2520;OP23
1431;20250401.013;1;0;EIM000+2520;OP23
1429;20250401.008;1;0;EIM000+2520;OP23
1428;20250401.007;1;0;EIM000+2520;OP23
1353;20250325.064;1;0;EJM006-2520;OP23
1352;20250325.062;1;0;EJM006-2520;OP23
1332;20250320.081;1;0;EIM000-2520;OP23
1292;20250318.064;1;0;EIM000-1800;OP23
1271;20250313.043;1;0;EIM000-2620;OP23
1255;20250313.014;1;0;EIM000-2520;OP23
1254;20250313.013;1;0;EIM000-2520;OP23
1253;20250313.012;1;0;EIM000-2520;OP23
1156;20250306.008;1;0;EIM000-2520;OP23
1155;20250306.006;1;0;EIM000-2520;OP23
1124;20250304.085;1;0;EIM000-2520;OP23
1123;20250304.084;1;0;EIM000-2520;OP23
1119;20250304.080;1;0;EIM000-2520;OP23
1118;20250304.079;1;0;EIM000-2520;OP23
1117;20250304.078;1;0;EIM000-2520;OP23
1116;20250304.077;1;0;EIM000-2520;OP23
1115;20250304.076;1;0;EIM000-2520;OP23
1114;20250304.073;1;0;EIM000-2520;OP23
1077;20250226.041;1;0;DBM000-2520;OP23
1069;20250225.072;1;0;EIM000-2520;OP23
1067;20250225.070;1;0;EIM000-2520;OP23
1066;20250225.057;1;0;EIM000-2520;OP23
1065;20250225.054;1;0;EIM000-2520;OP23
1064;20250225.053;1;0;EIM000-2520;OP23
1063;20250225.052;1;0;EIM000-2520;OP23
1062;20250225.051;1;0;EIM000-2520;OP23
1061;20250225.050;1;0;EIM000-2520;OP23
1059;20250225.047;1;0;EIM000-2520;OP23
1054;20250220.044;1;0;EIM000-2520;OP23
1052;20250220.039;1;0;EIM000-2520;OP23
1051;20250220.038;1;0;EIM000-2520;OP23
1050;20250220.033;1;0;EIM000-2520;OP23
1049;20250220.032;1;0;EIM000-2520;OP23
1048;20250220.031;1;0;EIM000-2520;OP23
1047;20250220.027;1;0;EIM000-2520;OP23
1045;20250220.019;1;0;EIM000-2520;OP23
1044;20250220.018;1;0;EIM000-2520;OP23
1042;20250220.016;1;0;EIM000-2520;OP23
1041;20250220.014;1;0;EIM000-2520;OP23
1038;20250220.011;1;0;EIM000-2520;OP23
1037;20250220.009;1;0;EIM000-2520;OP23
1006;20241212.064;1;0;EIM000+2520;OP22
1004;20241212.062;1;0;EIM000+2520;OP22
999;20241212.057;1;0;EIM000+2520;OP22
998;20241212.056;1;0;EIM000+2520;OP22
992;20241212.046;1;0;EIM000+2520;OP22
963;20241211.083;1;0;DIR001+2520;OP22
954;20241211.063;1;0;DIR001+2520;OP22
953;20241211.062;1;0;DIR001+2520;OP22
952;20241211.052;1;0;DIR001+2520;OP22
931;20241211.020;1;0;AIM000+2520;OP22
925;20241211.014;1;0;AIM000+2520;OP22
922;20241211.008;1;0;AIM000+2520;OP22
921;20241211.007;1;0;AIM000+2520;OP22
919;20241210.108;1;0;EIM000+2520;OP22
915;20241210.101;1;0;EIM000+2520;OP22
914;20241210.100;1;0;EIM000+2520;OP22
912;20241210.098;1;0;EIM000+2520;OP22
748;20241203.052;1;0;EIM000+2520;OP22
746;20241203.044;1;0;EIM000+2520;OP22
745;20241203.042;1;0;EIM000+2520;OP22
739;20241203.033;1;0;EIM000+2520;OP22
737;20241203.031;1;0;EIM000+2520;OP22
732;20241203.026;1;0;EIM000+2520;OP22
730;20241203.023;1;0;EIM000+2520;OP22
729;20241203.022;1;0;EIM000+2520;OP22
728;20241203.019;1;0;EIM000+2520;OP22
727;20241203.016;1;0;EIM000+2520;OP22
726;20241203.011;1;0;EIM000+2520;OP22
725;20241203.008;1;0;EIM000+2520;OP22
711;20241128.080;1;0;EIM000+2520;OP22
639;20241127.044;1;0;EIM000+2520;OP22
628;20241127.032;1;0;EIM000+2520;OP22
627;20241127.031;1;0;EIM000+2520;OP22
621;20241127.025;1;0;EIM000+2520;OP22
620;20241127.024;1;0;EIM000+2520;OP22
619;20241127.022;1;0;EIM000+2520;OP22
572;20241126.005;1;0;EIM000+2520;OP22
511;20241120.016;1;0;KJM008+2520;OP22
503;20241119.071;1;0;EIM000+2520;OP22
501;20241119.067;1;0;EIM000+2520;OP22
499;20241119.064;1;0;EIM000+2520;OP22
494;20241119.055;1;0;EIM000+2520;OP22
490;20241119.041;1;0;EIM000+2520;OP22
488;20241119.038;1;0;EIM000+2520;OP22
487;20241119.037;1;0;EIM000+2520;OP22
389;20241112.049;1;0;KJM008+2620;OP22
382;20241112.021;1;0;KJM008+2620;OP22
381;20241112.019;1;0;KJM008+2620;OP22
379;20241112.012;1;0;KJM008+2620;OP22
378;20241107.047;1;0;EHM004+2544;OP22
377;20241107.045;1;0;EHM004+2544;OP22
375;20241107.040;1;0;EHM004+2544;OP22
374;20241107.038;1;0;EHM004+2544;OP22
278;20241105.019;1;0;EIM000+2520;OP22
275;20241105.016;1;0;EIM000+2520;OP22
274;20241105.015;1;0;EIM000+2520;OP22
273;20241105.012;1;0;EIM000+2520;OP22
271;20241105.010;1;0;EIM000+2520;OP22
270;20241105.009;1;0;EIM000+2520;OP22
251;20241029.014;1;0;XIM001+2485;OP22
245;20241024.079;1;0;EIM000+2520;OP22
205;20241024.026;1;0;EIM000+2520;OP22
187;20241023.071;1;0;EIM000+2520;OP22
180;20241023.063;1;0;EIM000+2520;OP22
171;20241023.049;1;0;EIM000+2520;OP22
170;20241023.046;1;0;EIM000+2520;OP22
157;20241023.028;1;0;EIM000+2520;OP22
155;20241023.026;1;0;EIM000+2520;OP22
152;20241023.021;1;0;EIM000+2520;OP22
149;20241023.011;1;0;EIM000+2520;OP22
148;20241023.010;1;0;EIM000+2520;OP22
97;20241010.045;1;0;EIM000+2520;OP22
95;20241010.043;1;0;EIM000+2520;OP22
87;20241010.035;1;0;EIM000+2520;OP22
79;20241010.010;1;0;EJM013+2620;OP22
78;20241010.009;1;0;EKM006+2620;OP22
76;20241010.007;1;0;EKM006+2620;OP22
73;20241009.064;1;0;KJM008+2520;OP22
72;20241009.062;1;0;KJM008+2520;OP22
70;20241009.055;1;0;KJM008+2520;OP22
69;20241009.038;1;0;KJM008+2520;OP22
67;20241009.035;1;0;KJM008+2520;OP22
66;20241009.029;1;0;KJM008+2520;OP22
65;20241009.026;1;0;KJM008+2520;OP22
64;20241009.022;1;0;KJM008+2520;OP22
63;20241009.021;1;0;KJM008+2520;OP22
62;20241009.020;1;0;KJM008+2520;OP22
61;20241009.006;1;0;KJM008+2520;OP22
53;20241008.048;1;0;EIM000+2520;OP22
48;20241001.059;1;0;KJM008+2520;OP22
46;20241001.057;1;0;KJM008+2520;OP22
45;20241001.053;1;0;KJM008+2520;OP22
44;20241001.049;1;0;KJM008+2520;OP22
43;20241001.048;1;0;KJM008+2520;OP22
42;20241001.046;1;0;KJM008+2520;OP22
36;20241001.019;1;0;KJM001+2650;OP22
35;20241001.018;1;0;KJM001+2650;OP22
34;20241001.017;1;0;KJM001+2650;OP22
33;20241001.011;1;0;KJM001+2650;OP22
29;20240926.048;1;0;EIM000+2520;OP22
19;20240926.020;1;0;EIM000+2520;OP22
18;20240926.019;1;0;EIM000+2520;OP22
16;20240926.010;1;0;EIM000+2520;OP22
14;20240926.008;1;0;EIM000+2520;OP22
12;20240926.005;1;0;EIM000+2520;OP22
11;20240925.061;1;0;EJM007+2520;OP22
1796;20250515.049;0;0;EIM000+2520;OP23
1795;20250514.077;0;0;EIM000+2520;OP23
1794;20250514.058;0;0;EIM000+2520;OP23
1793;20250514.033;0;0;EIM000+2520;OP23
1792;20250514.025;0;0;EIM000+2520;OP23
1791;20250514.023;0;0;EIM000+2520;OP23
1789;20250513.045;0;0;EIM000+2520;OP23
1788;20250513.039;0;0;EIM000+2520;OP23
1787;20250513.038;0;0;EIM000+2520;OP23
1786;20250513.036;0;0;EIM000+2520;OP23
1785;20250513.035;0;0;EIM000+2520;OP23
1784;20250513.031;0;0;EIM000+2520;OP23
1783;20250513.019;0;0;EIM000+2520;OP23
1782;20250508.100;0;0;EIM000+2520;OP23
1781;20250508.098;0;0;EIM000+2520;OP23
1780;20250508.097;0;0;EIM000+2520;OP23
1779;20250508.094;0;0;EIM000+2520;OP23
1778;20250429.093;0;0;AIM000+2520;OP23
1777;20250429.080;0;0;AIM000+2520;OP23
1776;20250429.075;0;0;AIM000+2520;OP23
1775;20250429.056;0;0;FTM004+2520;OP23
1774;20250429.040;0;0;FTM004+2520;OP23
1773;20250429.039;0;0;FTM004+2520;OP23
1772;20250429.038;0;0;FTM004+2520;OP23
1771;20250429.035;0;0;FTM004+2520;OP23
1770;20250429.008;0;0;FTM004+2520;OP23
1769;20250424.077;0;0;EIM000+2614;OP23
1768;20250424.075;0;0;EIM000+2614;OP23
1767;20250424.074;0;0;EIM000+2614;OP23
1766;20250424.073;0;0;EIM000+2614;OP23
1765;20250424.071;0;0;EIM000+2614;OP23
1764;20250424.070;0;0;EIM000+2614;OP23
1763;20250424.069;0;0;EIM000+2614;OP23
1762;20250424.068;0;0;EIM000+2614;OP23
1761;20250424.067;0;0;EIM000+2614;OP23
1760;20250424.066;0;0;EIM000+2614;OP23
1759;20250424.064;0;0;EIM000+2614;OP23
1758;20250424.063;0;0;EIM000+2614;OP23
1757;20250424.062;0;0;EIM000+2614;OP23
1756;20250424.058;0;0;EIM000+2614;OP23
1755;20250424.056;0;0;EIM000+2614;OP23
1754;20250424.055;0;0;EIM000+2614;OP23
1753;20250424.053;0;0;EIM000+2614;OP23
1752;20250424.052;0;0;EIM000+2614;OP23
1750;20250424.048;0;0;EIM000+2614;OP23
1749;20250424.044;0;0;KTM000+2520;OP23
1748;20250424.042;0;0;KTM000+2590;OP23
1747;20250424.041;0;0;KTM000+2520;OP23
1746;20250424.039;0;0;KTM000+2590;OP23
1745;20250424.037;0;0;KTM000+2590;OP23
1744;20250424.036;0;0;KTM000+2590;OP23
1743;20250424.034;0;0;KTM000+2590;OP23
1742;20250424.033;0;0;KTM000+2590;OP23
1741;20250424.031;0;0;KTM000+2590;OP23
1740;20250424.030;0;0;KTM000+2590;OP23
1739;20250424.029;0;0;KTM000+2590;OP23
1738;20250424.026;0;0;KTM000+2590;OP23
1737;20250424.025;0;0;KTM000+2590;OP23
1736;20250424.024;0;0;KTM000+2590;OP23
1735;20250424.023;0;0;KTM000+2590;OP23
1734;20250424.021;0;0;KTM000+2590;OP23
1733;20250424.020;0;0;KTM000+2590;OP23
1732;20250424.019;0;0;KTM000+2590;OP23
1731;20250424.018;0;0;KTM000+2590;OP23
1730;20250424.017;0;0;KTM000+2590;OP23
1729;20250424.016;0;0;KTM000+2590;OP23
1728;20250424.015;0;0;KTM000+2590;OP23
1727;20250424.014;0;0;KTM000+2590;OP23
1726;20250424.013;0;0;KTM000+2520;OP23
1725;20250424.012;0;0;KTM000+2520;OP23
1724;20250424.011;0;0;KTM000+2520;OP23
1723;20250424.006;0;0;KTM000+2520;OP23
1722;20250423.015;0;0;FMM002+1800;OP23
1721;20250423.014;0;0;FMM002+1800;OP23
1720;20250416.071;0;0;DKJ000+2520;OP23
1719;20250416.067;0;0;DKJ000+2520;OP23
1718;20250416.053;0;0;DKJ000+2520;OP23
1717;20250416.045;0;0;DKJ000+2520;OP23
1716;20250416.038;0;0;DKJ000+2520;OP23
1715;20250416.026;0;0;DKJ000+2520;OP23
1714;20250416.020;0;0;DKJ000+2520;OP23
1713;20250416.018;0;0;DKJ000+2520;OP23
1712;20250415.045;0;0;XIM001+2485;OP23
1711;20250410.059;0;0;UFM000+1800;OP23
1710;20250410.058;0;0;UFM000+1800;OP23
1709;20250410.057;0;0;UFM000+1800;OP23
1708;20250410.056;0;0;UFM000+1800;OP23
1707;20250410.055;0;0;UFM000+1800;OP23
1706;20250410.054;0;0;UFM000+1800;OP23
1705;20250410.053;0;0;UFM000+1800;OP23
1704;20250410.052;0;0;UFM000+1800;OP23
1703;20250410.050;0;0;UFM000+1815;OP23
1702;20250410.049;0;0;UFM000+1815;OP23
1701;20250410.048;0;0;UFM000+1815;OP23
1700;20250410.047;0;0;UFM000+1815;OP23
1699;20250410.046;0;0;UFM000+1815;OP23
1696;20250409.097;0;0;EGM000+2520;OP23
1695;20250409.095;0;0;EGM000+2520;OP23
1694;20250409.094;0;0;EGM000+2520;OP23
1693;20250409.091;0;0;EGM000+2520;OP23
1692;20250409.090;0;0;EGM000+2520;OP23
1691;20250409.089;0;0;EGM000+2520;OP23
1690;20250409.088;0;0;EGM000+2520;OP23
1689;20250409.087;0;0;EGM000+2520;OP23
1688;20250409.086;0;0;EGM000+2520;OP23
1682;20250409.079;0;0;EIM000+2520;OP23
1681;20250409.078;0;0;EIM000+2520;OP23
1680;20250409.076;0;0;EEM001+2520;OP23
1679;20250409.075;0;0;EEM001+2520;OP23
1678;20250409.072;0;0;EEM001+2520;OP23
1677;20250409.071;0;0;EEM001+2520;OP23
1676;20250409.070;0;0;EEM001+2520;OP23
1675;20250409.069;0;0;DBM000+2520;OP23
1674;20250409.068;0;0;DBM000+2520;OP23
1673;20250409.062;0;0;DBM000+2520;OP23
1672;20250409.061;0;0;DBM000+2520;OP23
1671;20250409.058;0;0;DBM000+2520;OP23
1670;20250409.057;0;0;DBM000+2520;OP23
1669;20250409.056;0;0;DBM000+2520;OP23
1668;20250409.055;0;0;DBM000+2520;OP23
1667;20250409.053;0;0;DBM000+2520;OP23
1666;20250409.052;0;0;DBM000+2520;OP23
1665;20250409.050;0;0;DBM000+2520;OP23
1664;20250409.048;0;0;DBM000+2520;OP23
1663;20250409.047;0;0;DBM000+2520;OP23
1662;20250409.046;0;0;DBM000+2520;OP23
1661;20250409.045;0;0;DBM000+2520;OP23
1660;20250409.043;0;0;DBM000+2520;OP23
1659;20250409.042;0;0;DBM000+2520;OP23
1658;20250409.041;0;0;DBM000+2520;OP23
1657;20250409.040;0;0;DBM000+2520;OP23
1656;20250409.039;0;0;DBM000+2520;OP23
1655;20250409.038;0;0;DBM000+2520;OP23
1654;20250409.036;0;0;DBM000+2520;OP23
1653;20250409.035;0;0;DBM000+2520;OP23
1652;20250409.033;0;0;DBM000+2520;OP23
1651;20250409.032;0;0;DBM000+2520;OP23
1650;20250409.031;0;0;DBM000+2520;OP23
1649;20250409.030;0;0;DBM000+2520;OP23
1648;20250409.029;0;0;DBM000+2520;OP23
1647;20250409.028;0;0;DBM000+2520;OP23
1645;20250409.026;0;0;DBM000+2520;OP23
1644;20250409.025;0;0;DBM000+2520;OP23
1643;20250409.024;0;0;DBM000+2520;OP23
1642;20250409.023;0;0;DBM000+2520;OP23
1641;20250409.022;0;0;DBM000+2520;OP23
1640;20250409.021;0;0;DBM000+2520;OP23
1639;20250409.020;0;0;DBM000+2520;OP23
1638;20250409.018;0;0;DBM000+2520;OP23
1637;20250409.017;0;0;DBM000+2520;OP23
1636;20250409.016;0;0;DBM000+2520;OP23
1635;20250409.015;0;0;ECM003+2520;OP23
1634;20250409.013;0;0;ECM003+2520;OP23
1633;20250409.012;0;0;ECM003+2520;OP23
1632;20250409.011;0;0;ECM003+2520;OP23
1631;20250409.010;0;0;ECM003+2520;OP23
1630;20250409.009;0;0;ECM003+2520;OP23
1629;20250409.008;0;0;ECM003+2520;OP23
1628;20250409.007;0;0;ECM003+2520;OP23
1605;20250408.032;0;0;DAM005+1800;OP23
1604;20250408.015;0;0;DAM005+1800;OP23
1603;20250408.014;0;0;DAM005+1800;OP23
1602;20250408.013;0;0;DAM005+1800;OP23
1601;20250408.012;0;0;DAM005+1800;OP23
1590;20250403.070;0;0;EIM000+2520;OP23
1586;20250403.066;0;0;EIM000+2520;OP23
1585;20250403.065;0;0;EIM000+2520;OP23
1581;20250403.061;0;0;EIM000+2520;OP23
1561;20250403.037;0;0;EIM000+2520;OP23
1551;20250403.026;0;0;KJM008+2520;OP23
1550;20250403.025;0;0;KJM008+2520;OP23
1549;20250403.024;0;0;KJM008+2520;OP23
1548;20250403.023;0;0;KJM008+2520;OP23
1547;20250403.022;0;0;KJM008+2520;OP23
1546;20250403.021;0;0;KJM008+2520;OP23
1545;20250403.020;0;0;KJM008+2520;OP23
1544;20250403.019;0;0;KJM008+2520;OP23
1543;20250403.018;0;0;KJM008+2520;OP23
1542;20250403.017;0;0;KJM008+2520;OP23
1541;20250403.016;0;0;KJM008+2520;OP23
1540;20250403.015;0;0;KJM008+2520;OP23
1539;20250403.014;0;0;KJM008+2520;OP23
1538;20250402.096;0;0;KJM008+2620;OP23
1537;20250402.095;0;0;KJM008+2620;OP23
1536;20250402.094;0;0;KJM008+2620;OP23
1535;20250402.093;0;0;KJM008+2620;OP23
1534;20250402.092;0;0;KJM008+2620;OP23
1533;20250402.091;0;0;KJM008+2620;OP23
1532;20250402.089;0;0;KJM008+2620;OP23
1531;20250402.087;0;0;KJM008+2620;OP23
1530;20250402.086;0;0;KJM008+2620;OP23
1529;20250402.085;0;0;KJM008+2620;OP23
1528;20250402.084;0;0;KJM008+2620;OP23
1527;20250402.083;0;0;KJM008+2620;OP23
1526;20250402.082;0;0;KJM008+2620;OP23
1525;20250402.081;0;0;KJM008+2520;OP23
1524;20250402.080;0;0;KJM008+2520;OP23
1523;20250402.079;0;0;KJM008+2520;OP23
1522;20250402.078;0;0;KJM008+2520;OP23
1521;20250402.077;0;0;KJM008+2520;OP23
1520;20250402.076;0;0;KJM008+2620;OP23
1519;20250402.075;0;0;KJM008+2520;OP23
1518;20250402.074;0;0;KJM008+2520;OP23
1517;20250402.073;0;0;KJM008+2620;OP23
1516;20250402.072;0;0;KJM008+2520;OP23
1515;20250402.071;0;0;KJM008+2520;OP23
1514;20250402.068;0;0;KJM008+2520;OP23
1513;20250402.067;0;0;KJM008+2520;OP23
1512;20250402.066;0;0;KJM008+2520;OP23
1511;20250402.065;0;0;KJM008+2520;OP23
1510;20250402.064;0;0;KJM008+2520;OP23
1509;20250402.063;0;0;KJM008+2520;OP23
1508;20250402.062;0;0;KJM008+2520;OP23
1507;20250402.061;0;0;KJM008+2520;OP23
1506;20250402.060;0;0;KJM008+2520;OP23
1505;20250402.059;0;0;KJM008+2520;OP23
1504;20250402.057;0;0;KJM008+2520;OP23
1503;20250402.054;0;0;KJM008+2520;OP23
1502;20250402.053;0;0;KJM008+2520;OP23
1499;20250402.047;0;0;KJM008+2520;OP23
1496;20250402.043;0;0;KJM008+2520;OP23
1493;20250402.040;0;0;KJM008+2520;OP23
1492;20250402.039;0;0;KJM008+2520;OP23
1491;20250402.038;0;0;KJM008+2520;OP23
1490;20250402.037;0;0;KJM008+2520;OP23
1489;20250402.036;0;0;KJM008+2520;OP23
1488;20250402.034;0;0;KJM008+2520;OP23
1486;20250402.032;0;0;KJM008+2520;OP23
1485;20250402.030;0;0;KJM008+2520;OP23
1484;20250402.028;0;0;KJM008+2520;OP23
1483;20250402.027;0;0;KJM008+2520;OP23
1482;20250402.026;0;0;KJM008+2520;OP23
1481;20250402.024;0;0;KJM008+2520;OP23
1480;20250402.023;0;0;KJM008+2520;OP23
1479;20250402.021;0;0;KJM008+2520;OP23
1478;20250402.020;0;0;KJM008+2520;OP23
1477;20250402.019;0;0;KJM008+2520;OP23
1476;20250402.018;0;0;KJM008+2520;OP23
1475;20250402.016;0;0;KJM008+2520;OP23
1474;20250402.015;0;0;KJM008+2520;OP23
1473;20250402.014;0;0;KJM008+2520;OP23
1472;20250402.013;0;0;KJM008+2520;OP23
1447;20250401.049;0;0;DBM000+2520;OP23
1446;20250401.045;0;0;DBM000+2520;OP23
1442;20250401.037;0;0;EIM000+2614;OP23
1441;20250401.036;0;0;EIM000+2614;OP23
1440;20250401.035;0;0;EIM000+2614;OP23
1438;20250401.030;0;0;EIM000+2614;OP23
1427;20250327.069;0;0;EIM000-1800;OP23
1425;20250327.065;0;0;EIM000-1800;OP23
1424;20250327.046;0;0;FTM000-2620;OP23
1423;20250327.043;0;0;FTM000-2620;OP23
1422;20250327.042;0;0;FTM000-2620;OP23
1421;20250327.041;0;0;FTM000-2620;OP23
1420;20250327.031;0;0;FTM000-2620;OP23
1419;20250327.027;0;0;FTM000-2620;OP23
1418;20250327.025;0;0;FTM000-2620;OP23
1417;20250327.023;0;0;FTM000-2620;OP23
1416;20250327.018;0;0;FTM000-2620;OP23
1415;20250327.017;0;0;FTM000-2620;OP23
1414;20250327.015;0;0;FTM000-2620;OP23
1413;20250327.013;0;0;FTM000-2620;OP23
1412;20250327.011;0;0;FTM000-2620;OP23
1411;20250327.005;0;0;FTM000-2620;OP23
1410;20250326.111;0;0;KJM008-2620;OP23
1409;20250326.088;0;0;KJM008-2520;OP23
1408;20250326.080;0;0;KJM008-2520;OP23
1407;20250326.073;0;0;EIM000-2520;OP23
1406;20250326.071;0;0;EIM000-2520;OP23
1405;20250326.070;0;0;EIM000-2520;OP23
1404;20250326.068;0;0;EIM000-2520;OP23
1403;20250326.066;0;0;EIM000-2520;OP23
1402;20250326.062;0;0;EIM000-2520;OP23
1401;20250326.060;0;0;EIM000-2520;OP23
1400;20250326.059;0;0;EIM000-2520;OP23
1399;20250326.058;0;0;EIM000-2520;OP23
1398;20250326.056;0;0;EIM000-2520;OP23
1397;20250326.055;0;0;EIM000-2520;OP23
1396;20250326.052;0;0;EIM000-2520;OP23
1395;20250326.050;0;0;EIM000-2520;OP23
1394;20250326.048;0;0;EIM000-2520;OP23
1393;20250326.047;0;0;EIM000-2520;OP23
1392;20250326.046;0;0;EIM000-2520;OP23
1391;20250326.041;0;0;EIM000-2520;OP23
1390;20250326.024;0;0;EIM000-2520;OP23
1389;20250326.021;0;0;EIM000-2520;OP23
1388;20250326.020;0;0;EIM000-2520;OP23
1387;20250326.017;0;0;EIM000-2520;OP23
1386;20250326.015;0;0;EIM000-2520;OP23
1385;20250326.014;0;0;EIM000-2520;OP23
1384;20250326.013;0;0;EIM000-2520;OP23
1383;20250326.011;0;0;EIM000-2520;OP23
1382;20250326.010;0;0;EIM000-2520;OP23
1381;20250325.112;0;0;EIM000-2620;OP23
1380;20250325.110;0;0;EIM000-2620;OP23
1379;20250325.107;0;0;EIM000-2620;OP23
1378;20250325.106;0;0;EIM000-2620;OP23
1377;20250325.104;0;0;EIM000-2620;OP23
1376;20250325.103;0;0;EIM000-2620;OP23
1375;20250325.102;0;0;EIM000-2620;OP23
1374;20250325.101;0;0;EIM000-2620;OP23
1373;20250325.100;0;0;EIM000-2620;OP23
1372;20250325.099;0;0;EIM000-2620;OP23
1371;20250325.097;0;0;EIM000-2620;OP23
1370;20250325.095;0;0;EIM000-2620;OP23
1369;20250325.094;0;0;EIM000-2620;OP23
1368;20250325.093;0;0;EIM000-2620;OP23
1367;20250325.092;0;0;EIM000-2620;OP23
1366;20250325.091;0;0;EIM000-2620;OP23
1364;20250325.088;0;0;EIM000-2620;OP23
1363;20250325.080;0;0;EIM000-2620;OP23
1362;20250325.079;0;0;EIM000-2620;OP23
1361;20250325.078;0;0;EIM000-2620;OP23
1360;20250325.077;0;0;EIM000-2620;OP23
1359;20250325.076;0;0;EIM000-2620;OP23
1358;20250325.074;0;0;EIM000-2620;OP23
1357;20250325.073;0;0;EIM000-2620;OP23
1356;20250325.072;0;0;EIM000-2620;OP23
1355;20250325.066;0;0;EJM006-2520;OP23
1354;20250325.065;0;0;EJM006-2520;OP23
1351;20250325.058;0;0;EIM000-2520;OP23
1350;20250325.057;0;0;EIM000-2520;OP23
1349;20250325.055;0;0;EIM000-2520;OP23
1348;20250325.054;0;0;EIM000-2520;OP23
1347;20250325.052;0;0;EIM000-2520;OP23
1346;20250325.048;0;0;EIM000-2520;OP23
1345;20250325.033;0;0;EIM000-2520;OP23
1344;20250325.026;0;0;EIM000-2520;OP23
1343;20250325.021;0;0;EIM000-2520;OP23
1342;20250325.016;0;0;EIM000-2520;OP23
1341;20250325.015;0;0;EIM000-2520;OP23
1340;20250325.014;0;0;EIM000-2520;OP23
1339;20250325.013;0;0;EIM000-2520;OP23
1338;20250325.012;0;0;EIM000-2520;OP23
1337;20250325.011;0;0;EIM000-2520;OP23
1336;20250325.010;0;0;EIM000-2520;OP23
1335;20250325.009;0;0;EIM000-2520;OP23
1334;20250325.008;0;0;EIM000-2520;OP23
1333;20250320.083;0;0;EIM000-2520;OP23
1331;20250320.076;0;0;EIM000-2520;OP23
1330;20250320.073;0;0;EIM000-2520;OP23
1329;20250320.072;0;0;EIM000-2520;OP23
1328;20250320.069;0;0;EIM000-2520;OP23
1327;20250320.064;0;0;EIM000-2520;OP23
1326;20250320.063;0;0;EIM000-2520;OP23
1325;20250320.061;0;0;EIM000-2520;OP23
1324;20250320.060;0;0;EIM000-2520;OP23
1323;20250320.058;0;0;EIM000-2520;OP23
1322;20250320.057;0;0;EIM000-2520;OP23
1321;20250320.054;0;0;EIM000-2520;OP23
1320;20250320.045;0;0;KJM002-2600;OP23
1319;20250320.036;0;0;KJM002-2600;OP23
1318;20250319.087;0;0;EIM000-2620;OP23
1317;20250319.086;0;0;EIM000-2620;OP23
1316;20250319.085;0;0;EIM000-2620;OP23
1315;20250319.083;0;0;EIM000-2620;OP23
1314;20250319.081;0;0;EIM000-2620;OP23
1313;20250319.079;0;0;EIM000-2620;OP23
1312;20250319.078;0;0;EIM000-2620;OP23
1311;20250319.077;0;0;EIM000-2620;OP23
1310;20250319.076;0;0;EIM000-2620;OP23
1309;20250319.075;0;0;EIM000-2620;OP23
1308;20250319.074;0;0;EIM000-2620;OP23
1307;20250319.073;0;0;EIM000-2620;OP23
1306;20250319.072;0;0;EIM000-2620;OP23
1305;20250319.070;0;0;EIM000-2620;OP23
1304;20250319.069;0;0;EIM000-2620;OP23
1303;20250319.067;0;0;EIM000-2620;OP23
1302;20250319.065;0;0;EIM000-2620;OP23
1301;20250319.064;0;0;EIM000-2620;OP23
1300;20250319.063;0;0;EIM000-2620;OP23
1299;20250319.062;0;0;EIM000-2620;OP23
1298;20250319.026;0;0;KJM008-2620;OP23
1297;20250319.024;0;0;KJM008-2620;OP23
1296;20250318.070;0;0;EIM000-1800;OP23
1295;20250318.067;0;0;EIM000-1800;OP23
1291;20250318.063;0;0;EIM000-1800;OP23
1290;20250318.060;0;0;EIM000-1800;OP23
1289;20250318.059;0;0;EIM000-1800;OP23
1288;20250318.058;0;0;EIM000-1800;OP23
1287;20250318.042;0;0;KNM000-2620;OP23
1286;20250318.041;0;0;KNM000-2525;OP23
1285;20250318.037;0;0;KNM000-2620;OP23
1284;20250318.035;0;0;KNM000-2620;OP23
1283;20250318.024;0;0;KNM000-2525;OP23
1282;20250313.081;0;0;EIM000-2620;OP23
1281;20250313.078;0;0;EIM000-2620;OP23
1280;20250313.076;0;0;EIM000-2620;OP23
1279;20250313.074;0;0;EIM000-2620;OP23
1278;20250313.070;0;0;EIM000-2620;OP23
1277;20250313.068;0;0;EIM000-2620;OP23
1276;20250313.057;0;0;EIM000-2620;OP23
1275;20250313.054;0;0;EIM000-2620;OP23
1274;20250313.048;0;0;EIM000-2620;OP23
1273;20250313.046;0;0;EIM000-2620;OP23
1272;20250313.044;0;0;EIM000-2620;OP23
1270;20250313.040;0;0;EIM000-2620;OP23
1269;20250313.037;0;0;EIM000-2620;OP23
1268;20250313.036;0;0;EIM000-2620;OP23
1267;20250313.033;0;0;EIM000-2620;OP23
1266;20250313.031;0;0;EIM000-2620;OP23
1265;20250313.027;0;0;EIM000-2620;OP23
1264;20250313.026;0;0;EIM000-2620;OP23
1263;20250313.025;0;0;EIM000-2620;OP23
1262;20250313.022;0;0;EIM000-2620;OP23
1261;20250313.021;0;0;EIM000-2620;OP23
1252;20250313.011;0;0;EIM000-2520;OP23
1250;20250313.008;0;0;EIM000-2520;OP23
1249;20250312.121;0;0;FTM000-2620;OP23
1248;20250312.119;0;0;FTM000-2620;OP23
1247;20250312.117;0;0;FTM000-2620;OP23
1246;20250312.116;0;0;FTM000-2620;OP23
1245;20250312.114;0;0;FTM000-2620;OP23
1244;20250312.112;0;0;FTM000-2620;OP23
1243;20250312.107;0;0;FTM000-2620;OP23
1242;20250312.101;0;0;FTM000-2620;OP23
1241;20250312.099;0;0;FTM000-2620;OP23
1240;20250312.097;0;0;FTM000-2620;OP23
1239;20250312.089;0;0;FTM000-2620;OP23
1238;20250312.087;0;0;FTM000-2620;OP23
1237;20250312.075;0;0;FTM000-2620;OP23
1236;20250312.073;0;0;FTM000-2620;OP23
1235;20250312.072;0;0;FTM000-2620;OP23
1234;20250312.068;0;0;KJM008-2520;OP23
1233;20250312.067;0;0;KJM008-2520;OP23
1232;20250312.063;0;0;KJM008-2520;OP23
1231;20250312.061;0;0;KJM008-2620;OP23
1230;20250312.060;0;0;KJM008-2520;OP23
1229;20250312.058;0;0;KJM008-2620;OP23
1228;20250312.057;0;0;KJM008-2620;OP23
1227;20250312.056;0;0;KJM008-2520;OP23
1226;20250312.055;0;0;KJM008-2520;OP23
1225;20250312.054;0;0;KJM008-2620;OP23
1224;20250312.051;0;0;KJM008-2520;OP23
1223;20250312.050;0;0;KJM008-2520;OP23
1222;20250312.049;0;0;KJM008-2520;OP23
1221;20250312.048;0;0;KJM008-2620;OP23
1220;20250312.046;0;0;KJM008-2520;OP23
1219;20250312.042;0;0;KJM008-2520;OP23
1218;20250312.039;0;0;KJM008-2520;OP23
1217;20250312.033;0;0;KJM008-2520;OP23
1216;20250312.032;0;0;KJM008-2520;OP23
1215;20250312.020;0;0;KJM008-2520;OP23
1214;20250312.019;0;0;KJM008-2520;OP23
1213;20250311.081;0;0;KJM008-2620;OP23
1212;20250311.072;0;0;KJM008-2620;OP23
1211;20250311.071;0;0;KJM008-2620;OP23
1210;20250311.067;0;0;KJM008-2620;OP23
1209;20250311.064;0;0;KJM008-2620;OP23
1208;20250311.063;0;0;KJM008-2620;OP23
1207;20250306.100;0;0;EIM000-2520;OP23
1206;20250306.099;0;0;EIM000-2520;OP23
1205;20250306.098;0;0;EIM000-2520;OP23
1204;20250306.097;0;0;EIM000-2520;OP23
1203;20250306.092;0;0;EIM000-2520;OP23
1202;20250306.091;0;0;EIM000-2520;OP23
1201;20250306.087;0;0;EIM000-2520;OP23
1200;20250306.086;0;0;EIM000-2520;OP23
1199;20250306.084;0;0;EIM000-2520;OP23
1198;20250306.082;0;0;EIM000-2520;OP23
1197;20250306.079;0;0;EIM000-2520;OP23
1196;20250306.075;0;0;EIM000-2520;OP23
1195;20250306.069;0;0;EIM000-2520;OP23
1194;20250306.065;0;0;EIM000-2520;OP23
1193;20250306.063;0;0;EIM000-2620;OP23
1192;20250306.062;0;0;EIM000-2620;OP23
1191;20250306.061;0;0;EIM000-2620;OP23
1190;20250306.060;0;0;EIM000-2620;OP23
1189;20250306.059;0;0;EIM000-2620;OP23
1188;20250306.057;0;0;EIM000-2620;OP23
1187;20250306.056;0;0;EIM000-2620;OP23
1186;20250306.055;0;0;EIM000-2620;OP23
1185;20250306.054;0;0;EIM000-2620;OP23
1184;20250306.052;0;0;EIM000-2620;OP23
1183;20250306.051;0;0;EIM000-2620;OP23
1182;20250306.050;0;0;EIM000-2620;OP23
1181;20250306.049;0;0;EIM000-2620;OP23
1180;20250306.047;0;0;EIM000-2620;OP23
1179;20250306.046;0;0;EIM000-2620;OP23
1178;20250306.044;0;0;EIM000-2620;OP23
1177;20250306.043;0;0;EIM000-2620;OP23
1176;20250306.042;0;0;EIM000-2620;OP23
1175;20250306.040;0;0;EIM000-2620;OP23
1174;20250306.039;0;0;EIM000-2520;OP23
1173;20250306.038;0;0;EIM000-2520;OP23
1172;20250306.037;0;0;EIM000-2520;OP23
1171;20250306.036;0;0;EIM000-2520;OP23
1170;20250306.034;0;0;EIM000-2520;OP23
1169;20250306.033;0;0;EIM000-2520;OP23
1168;20250306.031;0;0;EIM000-2520;OP23
1167;20250306.029;0;0;EIM000-2520;OP23
1166;20250306.028;0;0;EIM000-2520;OP23
1165;20250306.027;0;0;EIM000-2520;OP23
1164;20250306.024;0;0;EIM000-2520;OP23
1154;20250305.077;0;0;KJM008-2520;OP23
1153;20250305.074;0;0;KJM008-2520;OP23
1152;20250305.071;0;0;KJM008-2620;OP23
1151;20250305.070;0;0;KJM008-2620;OP23
1150;20250305.068;0;0;KJM008-2620;OP23
1149;20250305.066;0;0;KJM008-2620;OP23
1148;20250305.062;0;0;KJM008-2620;OP23
1147;20250305.061;0;0;KJM008-2620;OP23
1146;20250305.059;0;0;KJM008-2620;OP23
1145;20250305.057;0;0;KJM008-2620;OP23
1144;20250305.056;0;0;KJM008-2620;OP23
1143;20250305.054;0;0;KJM008-2620;OP23
1142;20250305.051;0;0;KJM008-2620;OP23
1141;20250305.028;0;0;EIM000-2620;OP23
1140;20250305.027;0;0;EIM000-2620;OP23
1139;20250305.025;0;0;EIM000-2620;OP23
1138;20250305.024;0;0;EIM000-2620;OP23
1137;20250305.023;0;0;EIM000-2620;OP23
1136;20250305.022;0;0;EIM000-2620;OP23
1135;20250305.021;0;0;EIM000-2620;OP23
1134;20250305.019;0;0;EIM000-2620;OP23
1133;20250305.017;0;0;EIM000-2620;OP23
1132;20250305.016;0;0;EIM000-2620;OP23
1131;20250305.015;0;0;EIM000-2620;OP23
1130;20250305.012;0;0;EIM000-2620;OP23
1129;20250305.011;0;0;EIM000-2620;OP23
1128;20250305.006;0;0;EIM000-2620;OP23
1113;20250304.054;0;0;FMM002-2520;OP23
1112;20250304.052;0;0;FMM002-2520;OP23
1111;20250304.051;0;0;FMM002-2520;OP23
1110;20250304.049;0;0;FMM002-2520;OP23
1109;20250304.048;0;0;FMM002-2520;OP23
1108;20250304.046;0;0;FMM002-2620;OP23
1107;20250304.041;0;0;FMM002-2620;OP23
1106;20250304.040;0;0;FMM002-2620;OP23
1105;20250304.039;0;0;FMM002-2520;OP23
1104;20250304.035;0;0;FMM002-2520;OP23
1103;20250304.033;0;0;FMM002-2520;OP23
1102;20250304.032;0;0;FMM002-2520;OP23
1101;20250304.009;0;0;EJM008-2520;OP23
1100;20250304.007;0;0;EJM008-2520;OP23
1099;20250227.050;0;0;KJM008-2620;OP23
1098;20250227.048;0;0;KJM008-2620;OP23
1097;20250227.047;0;0;KJM008-2620;OP23
1096;20250227.045;0;0;KJM008-2620;OP23
1093;20250226.070;0;0;DBM000-2520;OP23
1086;20250226.055;0;0;DBM000-2520;OP23
1085;20250226.053;0;0;DBM000-2520;OP23
1084;20250226.052;0;0;DBM000-2520;OP23
1083;20250226.051;0;0;DBM000-2520;OP23
1082;20250226.050;0;0;DBM000-2520;OP23
1081;20250226.048;0;0;DBM000-2520;OP23
1080;20250226.046;0;0;DBM000-2520;OP23
1079;20250226.044;0;0;DBM000-2520;OP23
1078;20250226.042;0;0;DBM000-2520;OP23
1075;20250226.037;0;0;DBM000-2520;OP23
1074;20250226.036;0;0;DBM000-2520;OP23
1073;20250226.035;0;0;DBM000-2520;OP23
1072;20250226.034;0;0;DBM000-2520;OP23
1071;20250226.033;0;0;DBM000-2520;OP23
1070;20250226.032;0;0;DBM000-2520;OP23
1068;20250225.071;0;0;EIM000-2520;OP23
1058;20250225.037;0;0;EIM000-2520;OP23
1057;20250225.013;0;0;EIM000-2450;OP23
1056;20250225.012;0;0;EIM000-2450;OP23
1055;20250225.011;0;0;EIM000-2450;OP23
1036;20250219.076;0;0;KJM008-2520;OP23
1035;20250219.075;0;0;KJM008-2520;OP23
1034;20250219.053;0;0;EIM000-2620;OP23
1033;20250219.051;0;0;EIM000-2620;OP23
1032;20250219.050;0;0;EIM000-2620;OP23
1031;20250219.049;0;0;EIM000-2620;OP23
1029;20241212.095;0;0;EIM000+2614;OP22
1028;20241212.094;0;0;EIM000+2614;OP22
1027;20241212.092;0;0;EIM000+2614;OP22
1026;20241212.091;0;0;EIM000+2614;OP22
1025;20241212.090;0;0;EIM000+2614;OP22
1024;20241212.089;0;0;EIM000+2614;OP22
1023;20241212.088;0;0;EIM000+2614;OP22
1022;20241212.087;0;0;EIM000+2614;OP22
1021;20241212.086;0;0;EIM000+2614;OP22
1020;20241212.085;0;0;EIM000+2614;OP22
1019;20241212.084;0;0;EIM000+2614;OP22
1018;20241212.082;0;0;EIM000+2614;OP22
1017;20241212.080;0;0;EIM000+2614;OP22
1016;20241212.079;0;0;EIM000+2614;OP22
1015;20241212.078;0;0;EIM000+2614;OP22
1014;20241212.077;0;0;EIM000+2614;OP22
1013;20241212.076;0;0;EIM000+2614;OP22
1012;20241212.075;0;0;EIM000+2614;OP22
1011;20241212.074;0;0;EIM000+2614;OP22
1010;20241212.073;0;0;EIM000+2614;OP22
1009;20241212.067;0;0;EIM000+2614;OP22
1008;20241212.066;0;0;EIM000+2614;OP22
1007;20241212.065;0;0;EIM000+2614;OP22
1005;20241212.063;0;0;EIM000+2520;OP22
1000;20241212.058;0;0;EIM000+2520;OP22
996;20241212.050;0;0;EIM000+2520;OP22
995;20241212.049;0;0;EIM000+2520;OP22
994;20241212.048;0;0;EIM000+2520;OP22
993;20241212.047;0;0;EIM000+2520;OP22
991;20241212.044;0;0;EIM000+2520;OP22
990;20241212.043;0;0;EIM000+2520;OP22
989;20241212.042;0;0;EIM000+2520;OP22
988;20241212.040;0;0;EIM000+2520;OP22
986;20241212.038;0;0;EIM000+2520;OP22
985;20241212.037;0;0;EIM000+2520;OP22
984;20241212.036;0;0;EIM000+2520;OP22
983;20241212.035;0;0;EIM000+2520;OP22
982;20241212.034;0;0;EIM000+2520;OP22
980;20241212.032;0;0;EIM000+2520;OP22
979;20241212.031;0;0;EIM000+2520;OP22
978;20241212.027;0;0;EIM000+2520;OP22
977;20241212.026;0;0;EIM000+2520;OP22
976;20241212.023;0;0;EIM000+2520;OP22
975;20241212.022;0;0;EIM000+2520;OP22
972;20241212.019;0;0;EIM000+2520;OP22
971;20241212.018;0;0;EIM000+2520;OP22
970;20241212.017;0;0;EIM000+2520;OP22
968;20241212.015;0;0;EIM000+2520;OP22
967;20241212.012;0;0;EIM000+2520;OP22
966;20241212.011;0;0;EIM000+2520;OP22
964;20241212.009;0;0;EIM000+2520;OP22
938;20241211.027;0;0;AIM000+2520;OP22
935;20241211.024;0;0;AIM000+2520;OP22
924;20241211.013;0;0;AIM000+2520;OP22
923;20241211.012;0;0;AIM000+2520;OP22
918;20241210.107;0;0;EIM000+2520;OP22
917;20241210.106;0;0;EIM000+2520;OP22
916;20241210.104;0;0;EIM000+2520;OP22
913;20241210.099;0;0;EIM000+2520;OP22
911;20241210.095;0;0;EIM000+2520;OP22
909;20241210.089;0;0;EIM000+2520;OP22
908;20241210.087;0;0;EIM000+2520;OP22
907;20241210.085;0;0;EIM000+2520;OP22
906;20241210.083;0;0;EIM000+2520;OP22
905;20241210.081;0;0;EIM000+2520;OP22
904;20241210.079;0;0;EIM000+2520;OP22
903;20241210.078;0;0;EIM000+2520;OP22
902;20241210.077;0;0;EIM000+2520;OP22
901;20241210.075;0;0;EIM000+2520;OP22
900;20241210.073;0;0;EIM000+2520;OP22
899;20241210.072;0;0;EIM000+2520;OP22
898;20241210.071;0;0;EIM000+2520;OP22
897;20241210.070;0;0;EIM000+2520;OP22
896;20241210.069;0;0;EIM000+2520;OP22
895;20241210.068;0;0;EIM000+2520;OP22
894;20241210.067;0;0;EIM000+2520;OP22
893;20241210.066;0;0;EIM000+2520;OP22
892;20241210.065;0;0;EIM000+2520;OP22
891;20241210.064;0;0;EIM000+2520;OP22
890;20241210.063;0;0;EIM000+2520;OP22
889;20241210.062;0;0;EIM000+2520;OP22
888;20241210.061;0;0;EIM000+2520;OP22
887;20241210.060;0;0;EIM000+2520;OP22
886;20241210.059;0;0;EIM000+2520;OP22
885;20241210.057;0;0;EIM000+2520;OP22
884;20241210.056;0;0;EIM000+2520;OP22
883;20241210.055;0;0;EIM000+2520;OP22
882;20241210.054;0;0;EIM000+2520;OP22
881;20241210.053;0;0;EIM000+2520;OP22
880;20241210.052;0;0;EIM000+2520;OP22
879;20241210.046;0;0;EIM000+2520;OP22
878;20241210.045;0;0;EIM000+2520;OP22
877;20241210.044;0;0;EIM000+2520;OP22
876;20241210.037;0;0;EIM000+2520;OP22
875;20241210.034;0;0;EIM000+2520;OP22
874;20241210.032;0;0;EIM000+2520;OP22
873;20241210.030;0;0;EIM000+2520;OP22
872;20241210.029;0;0;EIM000+2520;OP22
871;20241210.027;0;0;EIM000+2520;OP22
870;20241210.026;0;0;EIM000+2520;OP22
869;20241210.025;0;0;EIM000+2520;OP22
868;20241210.024;0;0;EIM000+2520;OP22
867;20241210.023;0;0;EIM000+2520;OP22
866;20241210.021;0;0;EIM000+2520;OP22
865;20241210.020;0;0;EIM000+2520;OP22
864;20241210.016;0;0;EIM000+2520;OP22
863;20241210.014;0;0;EIM000+2520;OP22
862;20241210.013;0;0;EIM000+2520;OP22
861;20241210.012;0;0;EIM000+2520;OP22
860;20241210.010;0;0;EIM000+2520;OP22
859;20241210.009;0;0;EIM000+2520;OP22
858;20241210.008;0;0;EIM000+2520;OP22
857;20241205.083;0;0;EIM000+2520;OP22
856;20241205.082;0;0;EIM000+2614;OP22
855;20241205.081;0;0;EIM000+2614;OP22
854;20241205.080;0;0;EIM000+2614;OP22
853;20241205.079;0;0;EIM000+2614;OP22
852;20241205.078;0;0;EIM000+2614;OP22
851;20241205.077;0;0;EIM000+2614;OP22
850;20241205.076;0;0;EIM000+2614;OP22
849;20241205.075;0;0;EIM000+2614;OP22
848;20241205.074;0;0;EIM000+2670;OP22
847;20241205.073;0;0;EIM000+2670;OP22
846;20241205.072;0;0;EIM000+2670;OP22
845;20241205.071;0;0;EIM000+2670;OP22
844;20241205.070;0;0;EIM000+2670;OP22
843;20241205.069;0;0;EIM000+2670;OP22
842;20241205.068;0;0;EIM000+2670;OP22
841;20241205.067;0;0;EIM000+2670;OP22
840;20241205.066;0;0;EIM000+2670;OP22
839;20241205.065;0;0;EIM000+2670;OP22
838;20241205.064;0;0;EIM000+2670;OP22
837;20241205.063;0;0;EIM000+2670;OP22
836;20241205.062;0;0;EIM000+2670;OP22
835;20241205.061;0;0;EIM000+2670;OP22
834;20241205.060;0;0;EIM000+2614;OP22
833;20241205.059;0;0;EIM000+2720;OP22
832;20241205.058;0;0;EIM000+2720;OP22
831;20241205.057;0;0;EIM000+2720;OP22
830;20241205.056;0;0;EIM000+2720;OP22
829;20241205.055;0;0;EIM000+2720;OP22
828;20241205.054;0;0;EIM000+2720;OP22
827;20241205.053;0;0;EIM000+2720;OP22
826;20241205.052;0;0;FNM001+2520;OP22
825;20241205.051;0;0;FNM001+2520;OP22
824;20241205.050;0;0;FNM001+2520;OP22
823;20241205.049;0;0;FNM001+2520;OP22
822;20241205.048;0;0;FNM001+2520;OP22
821;20241205.047;0;0;FNM001+2520;OP22
820;20241205.046;0;0;FNM001+2520;OP22
819;20241205.045;0;0;FNM001+2520;OP22
818;20241205.044;0;0;FNM001+2520;OP22
817;20241205.009;0;0;FMM002+2520;OP22
816;20241205.008;0;0;FMM002+2520;OP22
815;20241205.007;0;0;FMM002+2520;OP22
814;20241204.081;0;0;FMM002+2620;OP22
813;20241204.079;0;0;FMM002+2620;OP22
812;20241204.078;0;0;FMM002+2620;OP22
811;20241204.077;0;0;FMM002+2620;OP22
810;20241204.076;0;0;FMM002+2620;OP22
809;20241204.075;0;0;FMM002+2620;OP22
808;20241204.074;0;0;FMM002+2620;OP22
807;20241204.073;0;0;FMM002+2620;OP22
806;20241204.072;0;0;FMM002+2620;OP22
805;20241204.071;0;0;FMM002+2620;OP22
804;20241204.070;0;0;FMM002+2620;OP22
803;20241204.068;0;0;FMM002+2620;OP22
802;20241204.066;0;0;FMM002+2620;OP22
801;20241204.065;0;0;FMM002+2620;OP22
800;20241204.063;0;0;FMM002+2620;OP22
799;20241204.062;0;0;FMM002+2620;OP22
798;20241204.061;0;0;FMM002+2620;OP22
797;20241204.059;0;0;FMM002+2620;OP22
796;20241204.057;0;0;FMM002+2620;OP22
795;20241204.056;0;0;FMM002+2620;OP22
794;20241204.055;0;0;FMM002+2670;OP22
793;20241204.053;0;0;FMM002+2670;OP22
792;20241204.052;0;0;FMM002+2670;OP22
791;20241204.051;0;0;FMM002+2670;OP22
790;20241204.050;0;0;FMM002+2670;OP22
789;20241204.049;0;0;FMM002+2670;OP22
788;20241204.048;0;0;FMM002+2670;OP22
787;20241204.044;0;0;FMM002+2520;OP22
786;20241204.043;0;0;FMM002+2520;OP22
785;20241204.040;0;0;FMM002+2520;OP22
784;20241204.039;0;0;FMM002+2520;OP22
783;20241204.038;0;0;FMM002+2520;OP22
782;20241204.035;0;0;FMM002+2520;OP22
781;20241204.034;0;0;FMM002+2520;OP22
780;20241204.033;0;0;FMM002+2520;OP22
779;20241204.032;0;0;FMM002+2520;OP22
778;20241204.031;0;0;FMM002+2520;OP22
777;20241204.030;0;0;FMM002+2520;OP22
776;20241204.028;0;0;FMM002+2520;OP22
775;20241204.026;0;0;FMM002+2520;OP22
774;20241204.024;0;0;FMM002+2520;OP22
773;20241204.021;0;0;FMM002+2520;OP22
772;20241204.015;0;0;FMM002+2520;OP22
771;20241204.014;0;0;FMM002+2520;OP22
770;20241204.013;0;0;FMM002+2520;OP22
769;20241204.011;0;0;FMM002+2520;OP22
755;20241203.061;0;0;EIM000+2614;OP22
744;20241203.039;0;0;EIM000+2520;OP22
731;20241203.025;0;0;EIM000+2520;OP22
723;20241128.097;0;0;EIM000+2520;OP22
722;20241128.096;0;0;EIM000+2520;OP22
721;20241128.095;0;0;EIM000+2520;OP22
720;20241128.094;0;0;EIM000+2520;OP22
719;20241128.093;0;0;EIM000+2520;OP22
718;20241128.092;0;0;EIM000+2520;OP22
717;20241128.089;0;0;EIM000+2520;OP22
716;20241128.088;0;0;EIM000+2520;OP22
715;20241128.087;0;0;EIM000+2520;OP22
714;20241128.086;0;0;EIM000+2520;OP22
713;20241128.085;0;0;EIM000+2520;OP22
712;20241128.082;0;0;EIM000+2520;OP22
710;20241128.078;0;0;EIM000+2520;OP22
709;20241128.076;0;0;EIM000+2520;OP22
708;20241128.075;0;0;EIM000+2520;OP22
707;20241128.071;0;0;EIM000+2520;OP22
706;20241128.070;0;0;EIM000+2520;OP22
705;20241128.069;0;0;EIM000+2520;OP22
703;20241128.067;0;0;EIM000+2520;OP22
702;20241128.066;0;0;EIM000+2520;OP22
701;20241128.065;0;0;EIM000+2520;OP22
700;20241128.064;0;0;EIM000+2520;OP22
699;20241128.063;0;0;EIM000+2520;OP22
698;20241128.062;0;0;EIM000+2520;OP22
697;20241128.061;0;0;EIM000+2520;OP22
696;20241128.060;0;0;EIM000+2520;OP22
695;20241128.059;0;0;EIM000+2520;OP22
694;20241128.058;0;0;EIM000+2520;OP22
693;20241128.057;0;0;EIM000+2520;OP22
692;20241128.056;0;0;EIM000+2520;OP22
691;20241128.055;0;0;EIM000+2520;OP22
690;20241128.054;0;0;EIM000+2520;OP22
689;20241128.052;0;0;EIM000+2420;OP22
688;20241128.051;0;0;EIM000+2420;OP22
687;20241128.049;0;0;EIM000+2450;OP22
686;20241128.048;0;0;EIM000+2450;OP22
685;20241128.047;0;0;EIM000+2420;OP22
684;20241128.046;0;0;EIM000+2420;OP22
683;20241128.044;0;0;EIM000+2450;OP22
682;20241128.043;0;0;EIM000+2420;OP22
681;20241128.042;0;0;EIM000+2420;OP22
680;20241128.040;0;0;EIM000+2520;OP22
679;20241128.039;0;0;EIM000+2420;OP22
678;20241128.037;0;0;EIM000+2520;OP22
677;20241128.036;0;0;EIM000+2520;OP22
676;20241128.035;0;0;EIM000+2420;OP22
675;20241128.033;0;0;EIM000+2520;OP22
674;20241128.032;0;0;EIM000+2420;OP22
673;20241128.031;0;0;EIM000+2420;OP22
672;20241128.029;0;0;EIM000+2520;OP22
670;20241128.024;0;0;EIM000+2520;OP22
669;20241128.023;0;0;EIM000+2420;OP22
668;20241128.021;0;0;EIM000+2420;OP22
667;20241128.020;0;0;EIM000+2520;OP22
666;20241128.019;0;0;EIM000+2420;OP22
665;20241128.018;0;0;EIM000+2420;OP22
664;20241128.017;0;0;EIM000+2420;OP22
663;20241128.014;0;0;EIM000+2520;OP22
662;20241128.013;0;0;EIM000+2520;OP22
661;20241128.012;0;0;EIM000+2420;OP22
660;20241128.011;0;0;EIM000+2520;OP22
659;20241128.010;0;0;EIM000+2520;OP22
658;20241128.008;0;0;EIM000+2520;OP22
657;20241128.007;0;0;EIM000+2520;OP22
656;20241127.081;0;0;FNM002+2520;OP22
655;20241127.070;0;0;FLM000+2520;OP22
654;20241127.069;0;0;FMM001+2520;OP22
653;20241127.068;0;0;FLM000+2520;OP22
652;20241127.064;0;0;FLM000+2520;OP22
651;20241127.063;0;0;FLM000+2520;OP22
650;20241127.062;0;0;FLM000+2520;OP22
649;20241127.061;0;0;FLM000+2520;OP22
648;20241127.058;0;0;FLM000+2520;OP22
647;20241127.055;0;0;EJM008+2520;OP22
646;20241127.054;0;0;EJM008+2520;OP22
645;20241127.051;0;0;EIM000+2520;OP22
644;20241127.050;0;0;EIM000+2520;OP22
640;20241127.045;0;0;EIM000+2520;OP22
638;20241127.043;0;0;EIM000+2520;OP22
637;20241127.042;0;0;EIM000+2520;OP22
636;20241127.041;0;0;EIM000+2520;OP22
633;20241127.038;0;0;EIM000+2520;OP22
631;20241127.035;0;0;EIM000+2520;OP22
618;20241127.021;0;0;EIM000+2520;OP22
615;20241127.017;0;0;EIM000+2520;OP22
614;20241127.013;0;0;EIM000+2520;OP22
612;20241126.076;0;0;FMM002+2620;OP22
611;20241126.073;0;0;FMM002+2620;OP22
610;20241126.072;0;0;FMM002+2620;OP22
609;20241126.070;0;0;FMM002+2620;OP22
608;20241126.068;0;0;FMM002+2620;OP22
607;20241126.065;0;0;FMM002+2620;OP22
606;20241126.064;0;0;FMM002+2620;OP22
605;20241126.062;0;0;FMM002+2620;OP22
604;20241126.061;0;0;FMM002+2620;OP22
603;20241126.060;0;0;FMM002+2620;OP22
602;20241126.059;0;0;FMM002+2620;OP22
601;20241126.058;0;0;FMM002+2620;OP22
600;20241126.057;0;0;FMM002+2620;OP22
599;20241126.056;0;0;FMM002+2620;OP22
598;20241126.055;0;0;FMM002+2620;OP22
597;20241126.054;0;0;FMM002+2620;OP22
596;20241126.053;0;0;FMM002+2620;OP22
595;20241126.048;0;0;FMM002+2620;OP22
594;20241126.047;0;0;FMM002+2620;OP22
593;20241126.046;0;0;FMM002+2620;OP22
592;20241126.045;0;0;FMM002+2620;OP22
591;20241126.043;0;0;FMM002+2620;OP22
590;20241126.041;0;0;FMM002+2620;OP22
589;20241126.039;0;0;EIM000+2520;OP22
588;20241126.038;0;0;EIM000+2520;OP22
587;20241126.034;0;0;EIM000+2520;OP22
586;20241126.031;0;0;EIM000+2520;OP22
585;20241126.025;0;0;EIM000+2520;OP22
583;20241126.018;0;0;EIM000+2520;OP22
582;20241126.017;0;0;EIM000+2520;OP22
581;20241126.016;0;0;EIM000+2520;OP22
580;20241126.015;0;0;EIM000+2520;OP22
577;20241126.010;0;0;EIM000+2520;OP22
571;20241121.082;0;0;EIM000+2520;OP22
568;20241121.079;0;0;EIM000+2520;OP22
566;20241121.077;0;0;EIM000+2520;OP22
564;20241121.075;0;0;EIM000+2520;OP22
563;20241121.073;0;0;EIM000+2520;OP22
562;20241121.072;0;0;EIM000+2520;OP22
561;20241121.069;0;0;EIM000+2520;OP22
560;20241121.067;0;0;EIM000+2520;OP22
559;20241121.066;0;0;EIM000+2520;OP22
554;20241121.045;0;0;EIM000+2520;OP22
553;20241121.044;0;0;EIM000+2520;OP22
552;20241121.043;0;0;EIM000+2614;OP22
551;20241121.042;0;0;EIM000+2614;OP22
550;20241121.041;0;0;EIM000+2614;OP22
549;20241121.040;0;0;EIM000+2614;OP22
548;20241121.039;0;0;EIM000+2614;OP22
547;20241121.038;0;0;EIM000+2614;OP22
546;20241121.037;0;0;EIM000+2614;OP22
545;20241121.036;0;0;EIM000+2614;OP22
544;20241121.035;0;0;EIM000+2614;OP22
543;20241121.034;0;0;EIM000+2614;OP22
542;20241121.033;0;0;EIM000+2614;OP22
541;20241121.032;0;0;EIM000+2614;OP22
540;20241121.031;0;0;EIM000+2614;OP22
539;20241121.030;0;0;EIM000+2614;OP22
538;20241121.029;0;0;EIM000+2614;OP22
537;20241121.028;0;0;EIM000+2614;OP22
536;20241121.027;0;0;EIM000+2614;OP22
535;20241121.026;0;0;EIM000+2614;OP22
534;20241121.025;0;0;EIM000+2614;OP22
533;20241121.024;0;0;EIM000+2614;OP22
532;20241121.023;0;0;EIM000+2614;OP22
531;20241121.022;0;0;EIM000+2614;OP22
530;20241121.021;0;0;EIM000+2614;OP22
529;20241121.020;0;0;EIM000+2614;OP22
528;20241121.019;0;0;EIM000+2614;OP22
527;20241121.016;0;0;EIM000+2520;OP22
526;20241121.015;0;0;EIM000+2520;OP22
524;20241121.013;0;0;EIM000+2520;OP22
523;20241121.010;0;0;EIM000+2614;OP22
522;20241121.008;0;0;EIM000+2614;OP22
521;20241121.007;0;0;EIM000+2614;OP22
520;20241120.055;0;0;KJM008+2520;OP22
519;20241120.052;0;0;KJM008+2520;OP22
518;20241120.032;0;0;KJM008+2520;OP22
517;20241120.029;0;0;KJM008+2520;OP22
516;20241120.028;0;0;KJM008+2520;OP22
515;20241120.026;0;0;KJM008+2520;OP22
514;20241120.022;0;0;KJM008+2520;OP22
513;20241120.021;0;0;KJM008+2520;OP22
512;20241120.019;0;0;KJM008+2520;OP22
509;20241119.083;0;0;EIM000+2614;OP22
508;20241119.079;0;0;EIM000+2614;OP22
507;20241119.077;0;0;EIM000+2614;OP22
506;20241119.075;0;0;EIM000+2614;OP22
505;20241119.074;0;0;EIM000+2614;OP22
500;20241119.065;0;0;EIM000+2614;OP22
497;20241119.059;0;0;EIM000+2614;OP22
496;20241119.058;0;0;EIM000+2520;OP22
495;20241119.056;0;0;EIM000+2614;OP22
493;20241119.053;0;0;EIM000+2520;OP22
492;20241119.047;0;0;EIM000+2520;OP22
491;20241119.043;0;0;EIM000+2614;OP22
486;20241119.035;0;0;EIM000+2520;OP22
485;20241119.034;0;0;EIM000+2520;OP22
484;20241119.033;0;0;EIM000+2520;OP22
483;20241119.028;0;0;EIM000+2520;OP22
479;20241114.067;0;0;FTM004+2585;OP22
478;20241114.066;0;0;FTM004+2585;OP22
477;20241114.064;0;0;FTM004+2585;OP22
476;20241114.062;0;0;FTM004+2585;OP22
475;20241114.061;0;0;FTM004+2585;OP22
474;20241114.056;0;0;FTM004+2585;OP22
473;20241114.055;0;0;FTM004+2585;OP22
472;20241114.052;0;0;FTM004+2585;OP22
471;20241114.051;0;0;FTM004+2585;OP22
470;20241114.050;0;0;FTM004+2585;OP22
469;20241114.046;0;0;FTM004+2585;OP22
468;20241114.040;0;0;FTM004+2585;OP22
467;20241114.039;0;0;FTM004+2585;OP22
466;20241114.038;0;0;FTM004+2585;OP22
465;20241114.035;0;0;FTM004+2585;OP22
464;20241114.031;0;0;FTM004+2585;OP22
463;20241114.030;0;0;FTM004+2585;OP22
462;20241114.029;0;0;FTM004+2585;OP22
461;20241114.027;0;0;FTM004+2585;OP22
460;20241114.026;0;0;FTM004+2585;OP22
459;20241114.025;0;0;FTM004+2585;OP22
458;20241114.024;0;0;FTM004+2585;OP22
457;20241114.023;0;0;FTM004+2585;OP22
455;20241114.021;0;0;FTM004+2585;OP22
454;20241114.020;0;0;FTM004+2585;OP22
453;20241114.018;0;0;FTM004+2585;OP22
452;20241114.011;0;0;FTM004+2585;OP22
451;20241114.010;0;0;FTM004+2585;OP22
450;20241113.074;0;0;FTM004+2520;OP22
449;20241113.072;0;0;FTM004+2520;OP22
448;20241113.071;0;0;FTM004+2520;OP22
447;20241113.070;0;0;FTM004+2520;OP22
446;20241113.068;0;0;FTM004+2520;OP22
445;20241113.067;0;0;FTM004+2520;OP22
444;20241113.064;0;0;FTM004+2520;OP22
443;20241113.063;0;0;FTM004+2520;OP22
442;20241113.062;0;0;FTM004+2520;OP22
441;20241113.061;0;0;FTM004+2520;OP22
440;20241113.060;0;0;FTM004+2520;OP22
439;20241113.059;0;0;FTM004+2520;OP22
438;20241113.058;0;0;FTM004+2520;OP22
437;20241113.056;0;0;FTM004+2520;OP22
436;20241113.055;0;0;FTM004+2520;OP22
435;20241113.054;0;0;FTM004+2520;OP22
434;20241113.049;0;0;FTM004+2585;OP22
433;20241113.048;0;0;FTM004+2585;OP22
432;20241113.047;0;0;FTM004+2585;OP22
431;20241113.045;0;0;FTM004+2585;OP22
430;20241113.043;0;0;FTM004+2585;OP22
429;20241113.042;0;0;FTM004+2585;OP22
428;20241113.041;0;0;FTM004+2585;OP22
427;20241113.038;0;0;FTM004+2585;OP22
426;20241113.036;0;0;FTM004+2585;OP22
425;20241113.033;0;0;FTM004+2585;OP22
424;20241113.030;0;0;FTM004+2585;OP22
423;20241113.029;0;0;FTM004+2585;OP22
422;20241113.027;0;0;FTM004+2585;OP22
421;20241113.025;0;0;FTM004+2585;OP22
420;20241113.023;0;0;FTM004+2585;OP22
419;20241113.021;0;0;FTM004+2585;OP22
418;20241113.019;0;0;FTM004+2585;OP22
407;20241112.070;0;0;EIM000+2614;OP22
403;20241112.066;0;0;EIM000+2614;OP22
391;20241112.054;0;0;EKM006+2620;OP22
390;20241112.051;0;0;KJM008+2620;OP22
388;20241112.046;0;0;KJM008+2620;OP22
387;20241112.034;0;0;KJM008+2620;OP22
386;20241112.033;0;0;KJM008+2620;OP22
385;20241112.027;0;0;KJM008+2620;OP22
384;20241112.025;0;0;KJM008+2620;OP22
370;20241106.058;0;0;DBM000+2520;OP22
361;20241106.049;0;0;DBM000+2520;OP22
360;20241106.048;0;0;DBM000+2520;OP22
359;20241106.046;0;0;DBM000+2520;OP22
358;20241106.045;0;0;DBM000+2520;OP22
357;20241106.044;0;0;DBM000+2520;OP22
356;20241106.043;0;0;DBM000+2520;OP22
355;20241106.042;0;0;DBM000+2520;OP22
354;20241106.039;0;0;ECM003+2520;OP22
353;20241106.038;0;0;ECM003+2520;OP22
352;20241106.037;0;0;ECM003+2520;OP22
351;20241106.036;0;0;ECM003+2520;OP22
350;20241106.035;0;0;EBM002+2520;OP22
349;20241106.034;0;0;EBM003+2520;OP22
348;20241106.033;0;0;ECM003+2520;OP22
347;20241106.032;0;0;ECM000+2520;OP22
346;20241106.031;0;0;ECM002+2520;OP22
345;20241106.030;0;0;EEM001+2520;OP22
342;20241106.027;0;0;EIM000+2520;OP22
341;20241106.026;0;0;EIM000+2520;OP22
340;20241106.025;0;0;EIM000+2520;OP22
339;20241106.024;0;0;EIM000+2520;OP22
337;20241106.022;0;0;EIM000+2520;OP22
336;20241106.021;0;0;EIM000+2520;OP22
335;20241106.020;0;0;EIM000+2520;OP22
334;20241106.019;0;0;EIM000+2520;OP22
333;20241106.018;0;0;EIM000+2520;OP22
332;20241106.017;0;0;EIM000+2520;OP22
331;20241106.016;0;0;EIM000+2520;OP22
330;20241106.015;0;0;EIM000+2520;OP22
329;20241106.013;0;0;EIM000+2520;OP22
328;20241106.012;0;0;EIM003+2520;OP22
326;20241106.010;0;0;EIM002+2520;OP22
325;20241106.009;0;0;EHM001+2520;OP22
324;20241106.007;0;0;EHM001+2520;OP22
323;20241106.006;0;0;EHM001+2520;OP22
318;20241105.064;0;0;EIM000+2520;OP22
317;20241105.063;0;0;EIM000+2520;OP22
313;20241105.058;0;0;EIM000+2520;OP22
308;20241105.052;0;0;EHM001+2520;OP22
306;20241105.050;0;0;EHM001+2520;OP22
302;20241105.046;0;0;EHM001+2520;OP22
301;20241105.044;0;0;EHM001+2520;OP22
269;20241029.040;0;0;DIR001+2520;OP22
263;20241029.027;0;0;DIR001+2520;OP22
262;20241029.026;0;0;DIR001+2520;OP22
248;20241029.008;0;0;XIM001+2485;OP22
247;20241029.005;0;0;XIM001+2485;OP22
246;20241029.004;0;0;XIM001+2485;OP22
244;20241024.078;0;0;EIM000+2520;OP22
243;20241024.077;0;0;EIM000+2520;OP22
242;20241024.076;0;0;EIM000+2520;OP22
241;20241024.075;0;0;EIM000+2520;OP22
240;20241024.074;0;0;EIM000+2520;OP22
239;20241024.073;0;0;EIM000+2520;OP22
238;20241024.072;0;0;EIM000+2520;OP22
237;20241024.071;0;0;EIM000+2520;OP22
236;20241024.070;0;0;EIM000+2520;OP22
235;20241024.069;0;0;EIM000+2520;OP22
234;20241024.068;0;0;EIM000+2520;OP22
233;20241024.067;0;0;EIM000+2520;OP22
232;20241024.066;0;0;EIM000+2520;OP22
231;20241024.065;0;0;EIM000+2520;OP22
230;20241024.063;0;0;EIM000+2520;OP22
229;20241024.062;0;0;EIM000+2520;OP22
228;20241024.061;0;0;EIM000+2520;OP22
227;20241024.060;0;0;EIM000+2520;OP22
226;20241024.058;0;0;EIM000+2520;OP22
225;20241024.057;0;0;EIM000+2520;OP22
224;20241024.056;0;0;EIM000+2520;OP22
223;20241024.055;0;0;EIM000+2520;OP22
222;20241024.054;0;0;EIM000+2520;OP22
221;20241024.053;0;0;EIM000+2520;OP22
220;20241024.052;0;0;EIM000+2520;OP22
219;20241024.051;0;0;EIM000+2520;OP22
218;20241024.046;0;0;EIM000+2520;OP22
217;20241024.044;0;0;EIM000+2520;OP22
216;20241024.041;0;0;EIM000+2520;OP22
215;20241024.040;0;0;EIM000+2520;OP22
214;20241024.039;0;0;EIM000+2520;OP22
213;20241024.038;0;0;EIM000+2520;OP22
212;20241024.037;0;0;EIM000+2520;OP22
211;20241024.036;0;0;EIM000+2520;OP22
210;20241024.035;0;0;EIM000+2520;OP22
207;20241024.032;0;0;EIM000+2520;OP22
202;20241024.022;0;0;EIM000+2520;OP22
201;20241024.021;0;0;EIM000+2520;OP22
200;20241024.020;0;0;EIM000+2520;OP22
198;20241024.018;0;0;EIM000+2520;OP22
197;20241024.017;0;0;EIM000+2520;OP22
196;20241024.015;0;0;EIM000+2520;OP22
195;20241024.006;0;0;EIM000+2520;OP22
194;20241023.086;0;0;EIM000+2520;OP22
193;20241023.085;0;0;EIM000+2520;OP22
192;20241023.084;0;0;EIM000+2520;OP22
191;20241023.077;0;0;EIM000+2520;OP22
190;20241023.076;0;0;EIM000+2520;OP22
189;20241023.074;0;0;EIM000+2520;OP22
188;20241023.073;0;0;EIM000+2520;OP22
186;20241023.070;0;0;EIM000+2520;OP22
185;20241023.068;0;0;EIM000+2520;OP22
183;20241023.066;0;0;EIM000+2520;OP22
182;20241023.065;0;0;EIM000+2520;OP22
176;20241023.059;0;0;EIM000+2520;OP22
175;20241023.058;0;0;EIM000+2520;OP22
174;20241023.054;0;0;EIM000+2520;OP22
173;20241023.052;0;0;EIM000+2520;OP22
172;20241023.050;0;0;EIM000+2520;OP22
163;20241023.036;0;0;EIM000+2520;OP22
159;20241023.031;0;0;EIM000+2520;OP22
150;20241023.016;0;0;EIM000+2520;OP22
147;20241022.063;0;0;FTM004+2520;OP22
146;20241022.062;0;0;FTM004+2520;OP22
145;20241022.061;0;0;FTM004+2520;OP22
144;20241022.059;0;0;FTM004+2520;OP22
143;20241022.058;0;0;FTM004+2520;OP22
142;20241022.057;0;0;FTM004+2520;OP22
141;20241022.056;0;0;FTM004+2520;OP22
140;20241022.055;0;0;FTM004+2520;OP22
139;20241022.054;0;0;FTM004+2520;OP22
138;20241022.051;0;0;FTM004+2520;OP22
137;20241022.050;0;0;FTM004+2520;OP22
136;20241022.049;0;0;FTM004+2520;OP22
135;20241022.048;0;0;FTM004+2520;OP22
134;20241022.047;0;0;FTM004+2520;OP22
133;20241022.046;0;0;FTM004+2520;OP22
132;20241022.044;0;0;FTM004+2520;OP22
131;20241022.028;0;0;FTM004+2520;OP22
130;20241022.027;0;0;FTM004+2520;OP22
129;20241022.026;0;0;FTM004+2520;OP22
128;20241022.025;0;0;FTM004+2520;OP22
127;20241022.023;0;0;FTM004+2520;OP22
126;20241022.020;0;0;FTM004+2520;OP22
125;20241022.016;0;0;FTM004+2520;OP22
124;20241022.009;0;0;FTM004+2520;OP22
123;20241022.008;0;0;FTM004+2520;OP22
122;20241017.053;0;0;KJM008+2520;OP22
121;20241017.050;0;0;KJM008+2520;OP22
120;20241017.049;0;0;KJM008+2520;OP22
119;20241017.047;0;0;KJM008+2520;OP22
118;20241017.010;0;0;KJM008+2520;OP22
117;20241017.007;0;0;KJM008+2520;OP22
116;20241017.005;0;0;KJM008+2520;OP22
115;20241017.004;0;0;KJM008+2520;OP22
114;20241016.078;0;0;KJM008+2520;OP22
113;20241016.074;0;0;KJM008+2520;OP22
112;20241016.071;0;0;KJM008+2520;OP22
111;20241016.063;0;0;KJM008+2520;OP22
110;20241016.055;0;0;KJM008+2520;OP22
109;20241016.054;0;0;KJM008+2520;OP22
108;20241016.053;0;0;KJM008+2520;OP22
107;20241016.021;0;0;KJM008+2520;OP22
106;20241015.073;0;0;EIM000+2520;OP22
105;20241015.071;0;0;EIM000+2520;OP22
104;20241015.070;0;0;EIM000+2520;OP22
103;20241015.069;0;0;EIM000+2520;OP22
102;20241015.065;0;0;EIM000+2520;OP22
101;20241015.062;0;0;EIM000+2520;OP22
100;20241015.056;0;0;EIM000+2520;OP22
99;20241015.045;0;0;EIM000+2520;OP22
98;20241015.044;0;0;EIM000+2520;OP22
71;20241009.056;0;0;KJM008+2520;OP22
68;20241009.036;0;0;KJM008+2520;OP22
60;20241008.060;0;0;EIM000+2520;OP22
59;20241008.058;0;0;EIM000+2520;OP22
58;20241008.057;0;0;EIM000+2520;OP22
57;20241008.056;0;0;EIM000+2520;OP22
56;20241008.052;0;0;EIM000+2520;OP22
55;20241008.050;0;0;EIM000+2520;OP22
54;20241008.049;0;0;EIM000+2520;OP22
52;20241008.047;0;0;EIM000+2520;OP22
51;20241008.044;0;0;EIM000+2520;OP22
50;20241008.040;0;0;EIM000+2520;OP22
31;20241001.004;0;0;KJM001+2650;OP22
30;20240926.049;0;0;EIM000+2520;OP22
28;20240926.046;0;0;EIM000+2520;OP22
27;20240926.040;0;0;EIM000+2520;OP22
26;20240926.039;0;0;EIM000+2520;OP22
25;20240926.038;0;0;EIM000+2520;OP22
24;20240926.037;0;0;EIM000+2520;OP22
23;20240926.036;0;0;EIM000+2520;OP22
22;20240926.034;0;0;EIM000+2520;OP22
21;20240926.031;0;0;EIM000+2520;OP22
20;20240926.024;0;0;EIM000+2520;OP22
17;20240926.012;0;0;EIM000+2520;OP22
15;20240926.009;0;0;EIM000+2520;OP22
9;20240925.058;0;0;EJM007+2520;OP22
8;20240925.056;0;0;EJM007+2520;OP22
7;20240925.055;0;0;EJM007+2520;OP22
6;20240925.054;0;0;EJM007+2520;OP22
5;20240925.053;0;0;EJM007+2520;OP22
4;20240925.051;0;0;EIM000+2520;OP22
3;20240924.083;0;0;EIM000+1800;OP22
2;20240924.081;0;0;EIM000+1800;OP22
1;20240917.037;0;0;EIM000+2520;OP22
0;20240917.034;0;0;EIM000+2520;OP22
